#
# There is insufficient memory for the Java Runtime Environment to continue.
# Native memory allocation (mmap) failed to map 65536 bytes. Error detail: Failed to commit metaspace.
# Possible reasons:
#   The system is out of physical RAM or swap space
#   This process is running with CompressedOops enabled, and the Java Heap may be blocking the growth of the native heap
# Possible solutions:
#   Reduce memory load on the system
#   Increase physical memory or swap space
#   Check if swap backing store is full
#   Decrease Java heap size (-Xmx/-Xms)
#   Decrease number of Java threads
#   Decrease Java thread stack sizes (-Xss)
#   Set larger code cache with -XX:ReservedCodeCacheSize=
#   JVM is running with Unscaled Compressed Oops mode in which the Java heap is
#     placed in the first 4GB address space. The Java Heap base address is the
#     maximum limit for the native heap growth. Please use -XX:HeapBaseMinAddress
#     to set the Java Heap base and to place the Java Heap above 4GB virtual address.
# This output file may be truncated or incomplete.
#
#  Out of Memory Error (virtualSpaceNode.cpp:113), pid=18820, tid=14208
#
# JRE version: OpenJDK Runtime Environment Temurin-21.0.11+10 (21.0.11+10) (build 21.0.11+10-LTS)
# Java VM: OpenJDK 64-Bit Server VM Temurin-21.0.11+10 (21.0.11+10-LTS, mixed mode, sharing, tiered, compressed oops, compressed class ptrs, parallel gc, windows-amd64)
# No core dump will be written. Minidumps are not enabled by default on client versions of Windows
#

---------------  S U M M A R Y ------------

Command Line: --add-modules=ALL-SYSTEM --add-opens=java.base/java.util=ALL-UNNAMED --add-opens=java.base/java.lang=ALL-UNNAMED --add-opens=java.base/sun.nio.fs=ALL-UNNAMED -Declipse.application=org.eclipse.jdt.ls.core.id1 -Dosgi.bundles.defaultStartLevel=4 -Declipse.product=org.eclipse.jdt.ls.core.product -Djava.import.generatesMetadataFilesAtProjectRoot=false -DDetectVMInstallationsJob.disabled=true -Dfile.encoding=utf8 -XX:+UseParallelGC -XX:GCTimeRatio=4 -XX:AdaptiveSizePolicyWeight=90 -Dsun.zip.disableMemoryMapping=true -Xmx2G -Xms100m -Xlog:disable -javaagent:c:\Users\pppah\.vscode\extensions\redhat.java-1.55.0-win32-x64\lombok\lombok-1.18.39-4050.jar -XX:+HeapDumpOnOutOfMemoryError -XX:HeapDumpPath=c:\Users\pppah\AppData\Roaming\Code\User\workspaceStorage\ea11faeb4c147d688700a17038eb3a54\redhat.java -Daether.dependencyCollector.impl=bf c:\Users\pppah\.vscode\extensions\redhat.java-1.55.0-win32-x64\server\plugins\org.eclipse.equinox.launcher_1.7.200.v20260619-2039.jar -configuration c:\Users\pppah\AppData\Roaming\Code\User\globalStorage\redhat.java\1.55.0\config_win -data c:\Users\pppah\AppData\Roaming\Code\User\workspaceStorage\ea11faeb4c147d688700a17038eb3a54\redhat.java\jdt_ws --pipe=\\.\pipe\lsp-0ba9faea6ca607946b8680909cc4f2ea-sock

Host: 12th Gen Intel(R) Core(TM) i5-1235U, 12 cores, 7G,  Windows 11 , 64 bit Build 26100 (10.0.26100.9168)
Time: Tue Aug 25 20:20:30 2026 Libya Standard Time elapsed time: 17.594071 seconds (0d 0h 0m 17s)

---------------  T H R E A D  ---------------

Current thread (0x00000286eb5182c0):  JavaThread "Connection worker"        [_thread_in_vm, id=14208, stack(0x000000ca2c800000,0x000000ca2c900000) (1024K)]

Stack: [0x000000ca2c800000,0x000000ca2c900000]
Native frames: (J=compiled Java code, j=interpreted, Vv=VM code, C=native code)
V  [jvm.dll+0x6d7e19]
V  [jvm.dll+0x8b5096]
V  [jvm.dll+0x8b764e]
V  [jvm.dll+0x8b7d33]
V  [jvm.dll+0x284596]
V  [jvm.dll+0x8b0dde]
V  [jvm.dll+0x6795e4]
V  [jvm.dll+0x1e849b]
V  [jvm.dll+0x1e825e]
V  [jvm.dll+0x67bee2]
V  [jvm.dll+0x67bd12]
V  [jvm.dll+0x679fbe]
V  [jvm.dll+0x26f864]
V  [jvm.dll+0x21a11f]
V  [jvm.dll+0x20f80e]
V  [jvm.dll+0x5b658f]
V  [jvm.dll+0x82f046]
V  [jvm.dll+0x478ec8]
V  [jvm.dll+0x47ecf8]
C  [java.dll+0x17ec]

Java frames: (J=compiled Java code, j=interpreted, Vv=VM code)
J 1119  java.lang.ClassLoader.defineClass1(Ljava/lang/ClassLoader;Ljava/lang/String;[BIILjava/security/ProtectionDomain;Ljava/lang/String;)Ljava/lang/Class; java.base@21.0.11 (0 bytes) @ 0x00000286d5c57911 [0x00000286d5c57840+0x00000000000000d1]
J 1842 c1 java.lang.ClassLoader.defineClass(Ljava/lang/String;[BIILjava/security/ProtectionDomain;)Ljava/lang/Class; java.base@21.0.11 (43 bytes) @ 0x00000286ce4757fc [0x00000286ce4754a0+0x000000000000035c]
J 1736 c1 java.security.SecureClassLoader.defineClass(Ljava/lang/String;[BIILjava/security/CodeSource;)Ljava/lang/Class; java.base@21.0.11 (16 bytes) @ 0x00000286ce42a71c [0x00000286ce42a640+0x00000000000000dc]
J 6434 c1 java.net.URLClassLoader.defineClass(Ljava/lang/String;Ljdk/internal/loader/Resource;)Ljava/lang/Class; java.base@21.0.11 (224 bytes) @ 0x00000286cec8d664 [0x00000286cec8cfe0+0x0000000000000684]
J 3314 c1 java.net.URLClassLoader$1.run()Ljava/lang/Class; java.base@21.0.11 (81 bytes) @ 0x00000286ce7b050c [0x00000286ce7af8e0+0x0000000000000c2c]
J 1731 c1 java.net.URLClassLoader$1.run()Ljava/lang/Object; java.base@21.0.11 (5 bytes) @ 0x00000286ce426b54 [0x00000286ce426ac0+0x0000000000000094]
J 1577 c1 java.security.AccessController.doPrivileged(Ljava/security/PrivilegedExceptionAction;Ljava/security/AccessControlContext;)Ljava/lang/Object; java.base@21.0.11 (26 bytes) @ 0x00000286ce3cc88c [0x00000286ce3cc6a0+0x00000000000001ec]
J 1607 c1 java.net.URLClassLoader.findClass(Ljava/lang/String;)Ljava/lang/Class; java.base@21.0.11 (47 bytes) @ 0x00000286ce3d6404 [0x00000286ce3d6280+0x0000000000000184]
J 1628 c1 java.lang.ClassLoader.loadClass(Ljava/lang/String;Z)Ljava/lang/Class; java.base@21.0.11 (121 bytes) @ 0x00000286ce3e672c [0x00000286ce3e6160+0x00000000000005cc]
J 4278 c2 java.lang.ClassLoader.loadClass(Ljava/lang/String;)Ljava/lang/Class; java.base@21.0.11 (7 bytes) @ 0x00000286d5dfb86c [0x00000286d5dfb820+0x000000000000004c]
v  ~StubRoutines::call_stub 0x00000286d565100d
J 4444  java.lang.Class.getDeclaredMethods0(Z)[Ljava/lang/reflect/Method; java.base@21.0.11 (0 bytes) @ 0x00000286d5c20673 [0x00000286d5c20620+0x0000000000000053]
J 5412 c1 java.lang.Class.privateGetDeclaredMethods(Z)[Ljava/lang/reflect/Method; java.base@21.0.11 (64 bytes) @ 0x00000286cea613bc [0x00000286cea61240+0x000000000000017c]
J 5662 c1 java.lang.Class.getDeclaredMethods()[Ljava/lang/reflect/Method; java.base@21.0.11 (27 bytes) @ 0x00000286cead1a94 [0x00000286cead1960+0x0000000000000134]
j  org.gradle.internal.service.RelevantMethods$RelevantMethodsBuilder.build()Lorg/gradle/internal/service/RelevantMethods;+18
j  org.gradle.internal.service.RelevantMethods.getMethods(Ljava/lang/Class;)Lorg/gradle/internal/service/RelevantMethods;+25
j  org.gradle.internal.service.DefaultServiceRegistry.findProviderMethods(Lorg/gradle/internal/service/ServiceRegistrationProvider;)V+6
j  org.gradle.internal.service.DefaultServiceRegistry.<init>(Ljava/lang/String;[Lorg/gradle/internal/service/ServiceRegistry;)V+149
j  org.gradle.internal.service.DefaultServiceRegistry.<init>([Lorg/gradle/internal/service/ServiceRegistry;)V+3
j  org.gradle.launcher.daemon.client.DaemonClientServicesSupport.<init>(Lorg/gradle/internal/service/ServiceRegistry;Lorg/gradle/launcher/daemon/configuration/DaemonParameters;Lorg/gradle/launcher/daemon/context/DaemonRequestContext;Ljava/io/InputStream;)V+9
j  org.gradle.launcher.daemon.client.DaemonClientServices.<init>(Lorg/gradle/internal/service/ServiceRegistry;Lorg/gradle/launcher/daemon/configuration/DaemonParameters;Lorg/gradle/launcher/daemon/context/DaemonRequestContext;Ljava/io/InputStream;)V+6
j  org.gradle.launcher.daemon.client.DaemonClientFactory.createBuildClientServices(Lorg/gradle/internal/service/ServiceLookup;Lorg/gradle/launcher/daemon/configuration/DaemonParameters;Lorg/gradle/launcher/daemon/context/DaemonRequestContext;Ljava/io/InputStream;)Lorg/gradle/internal/service/ServiceRegistry;+17
j  org.gradle.launcher.daemon.client.DaemonClientFactory.createMessageDaemonServices(Lorg/gradle/internal/service/ServiceLookup;Lorg/gradle/launcher/daemon/configuration/DaemonParameters;)Lorg/gradle/internal/service/ServiceRegistry;+37
j  org.gradle.tooling.internal.provider.ConnectionScopeServices.createShutdownCoordinator(Lorg/gradle/internal/event/ListenerManager;Lorg/gradle/launcher/daemon/client/DaemonClientFactory;Lorg/gradle/internal/service/ServiceRegistry;Lorg/gradle/api/internal/file/FileCollectionFactory;)Lorg/gradle/tooling/internal/provider/ShutdownCoordinator;+21
j  java.lang.invoke.LambdaForm$DMH+0x000002868166cc00.invokeVirtual(Ljava/lang/Object;Ljava/lang/Object;Ljava/lang/Object;Ljava/lang/Object;Ljava/lang/Object;Ljava/lang/Object;)Ljava/lang/Object;+18 java.base@21.0.11
j  java.lang.invoke.LambdaForm$MH+0x000002868169d400.invoke(Ljava/lang/Object;Ljava/lang/Object;Ljava/lang/Object;)Ljava/lang/Object;+143 java.base@21.0.11
J 1507 c1 jdk.internal.reflect.DirectMethodHandleAccessor.invoke(Ljava/lang/Object;[Ljava/lang/Object;)Ljava/lang/Object; java.base@21.0.11 (92 bytes) @ 0x00000286ce3a8de4 [0x00000286ce3a8580+0x0000000000000864]
J 1510 c1 java.lang.reflect.Method.invoke(Ljava/lang/Object;[Ljava/lang/Object;)Ljava/lang/Object; java.base@21.0.11 (108 bytes) @ 0x00000286ce3b1b54 [0x00000286ce3b1640+0x0000000000000514]
j  org.gradle.internal.reflect.JavaMethod.invoke(Ljava/lang/Object;[Ljava/lang/Object;)Ljava/lang/Object;+6
j  org.gradle.internal.service.ReflectionBasedServiceMethod.invoke(Ljava/lang/Object;[Ljava/lang/Object;)Ljava/lang/Object;+6
j  org.gradle.internal.service.DefaultServiceRegistry$FactoryMethodService.invokeMethod([Ljava/lang/Object;)Ljava/lang/Object;+9
j  org.gradle.internal.service.DefaultServiceRegistry$FactoryService.createServiceInstance()Ljava/lang/Object;+7
j  org.gradle.internal.service.DefaultServiceRegistry$ManagedObjectServiceProvider.getInstance()Ljava/lang/Object;+24
j  org.gradle.internal.service.DefaultServiceRegistry$SingletonService.get()Ljava/lang/Object;+1
j  org.gradle.internal.service.DefaultServiceRegistry$FactoryService.assembleParameters()[Ljava/lang/Object;+44
j  org.gradle.internal.service.DefaultServiceRegistry$FactoryService.createServiceInstance()Ljava/lang/Object;+1
j  org.gradle.internal.service.DefaultServiceRegistry$ManagedObjectServiceProvider.getInstance()Ljava/lang/Object;+24
j  org.gradle.internal.service.DefaultServiceRegistry$SingletonService.get()Ljava/lang/Object;+1
j  org.gradle.internal.service.DefaultServiceRegistry.find(Ljava/lang/reflect/Type;)Ljava/lang/Object;+22
j  org.gradle.internal.service.DefaultServiceRegistry.get(Ljava/lang/reflect/Type;)Ljava/lang/Object;+2
j  org.gradle.internal.service.DefaultServiceRegistry.get(Ljava/lang/Class;)Ljava/lang/Object;+3
j  org.gradle.tooling.internal.provider.DefaultConnection.initializeServices(Ljava/io/File;)V+75
j  org.gradle.tooling.internal.provider.DefaultConnection.configure(Lorg/gradle/tooling/internal/protocol/ConnectionParameters;)V+46
j  org.gradle.tooling.internal.consumer.connection.AbstractPost12ConsumerConnection.configure(Lorg/gradle/tooling/internal/consumer/ConnectionParameters;)V+5
j  org.gradle.tooling.internal.consumer.loader.DefaultToolingImplementationLoader.createConnection(Lorg/gradle/tooling/internal/consumer/connection/AbstractConsumerConnection;Lorg/gradle/tooling/internal/consumer/ConnectionParameters;)Lorg/gradle/tooling/internal/consumer/connection/ConsumerConnection;+2
j  org.gradle.tooling.internal.consumer.loader.DefaultToolingImplementationLoader.create(Lorg/gradle/tooling/internal/consumer/Distribution;Lorg/gradle/internal/logging/progress/ProgressLoggerFactory;Lorg/gradle/tooling/internal/protocol/InternalBuildProgressListener;Lorg/gradle/tooling/internal/consumer/ConnectionParameters;Lorg/gradle/initialization/BuildCancellationToken;)Lorg/gradle/tooling/internal/consumer/connection/ConsumerConnection;+133
j  org.gradle.tooling.internal.consumer.loader.CachingToolingImplementationLoader$ConsumerConnectionCreator.call()Lorg/gradle/tooling/internal/consumer/connection/ConsumerConnection;+27
j  org.gradle.tooling.internal.consumer.loader.CachingToolingImplementationLoader$ConsumerConnectionCreator.call()Ljava/lang/Object;+1
j  org.gradle.internal.impldep.com.google.common.cache.LocalCache$LocalManualCache$1.load(Ljava/lang/Object;)Ljava/lang/Object;+4
j  org.gradle.internal.impldep.com.google.common.cache.LocalCache$LoadingValueReference.loadFuture(Ljava/lang/Object;Lorg/gradle/internal/impldep/com/google/common/cache/CacheLoader;)Lorg/gradle/internal/impldep/com/google/common/util/concurrent/ListenableFuture;+24
j  org.gradle.internal.impldep.com.google.common.cache.LocalCache$Segment.loadSync(Ljava/lang/Object;ILorg/gradle/internal/impldep/com/google/common/cache/LocalCache$LoadingValueReference;Lorg/gradle/internal/impldep/com/google/common/cache/CacheLoader;)Ljava/lang/Object;+4
j  org.gradle.internal.impldep.com.google.common.cache.LocalCache$Segment.lockedGetOrLoad(Ljava/lang/Object;ILorg/gradle/internal/impldep/com/google/common/cache/CacheLoader;)Ljava/lang/Object;+393
j  org.gradle.internal.impldep.com.google.common.cache.LocalCache$Segment.get(Ljava/lang/Object;ILorg/gradle/internal/impldep/com/google/common/cache/CacheLoader;)Ljava/lang/Object;+138
j  org.gradle.internal.impldep.com.google.common.cache.LocalCache.get(Ljava/lang/Object;Lorg/gradle/internal/impldep/com/google/common/cache/CacheLoader;)Ljava/lang/Object;+17
j  org.gradle.internal.impldep.com.google.common.cache.LocalCache$LocalManualCache.get(Ljava/lang/Object;Ljava/util/concurrent/Callable;)Ljava/lang/Object;+19
j  org.gradle.tooling.internal.consumer.loader.CachingToolingImplementationLoader.create(Lorg/gradle/tooling/internal/consumer/Distribution;Lorg/gradle/internal/logging/progress/ProgressLoggerFactory;Lorg/gradle/tooling/internal/protocol/InternalBuildProgressListener;Lorg/gradle/tooling/internal/consumer/ConnectionParameters;Lorg/gradle/initialization/BuildCancellationToken;)Lorg/gradle/tooling/internal/consumer/connection/ConsumerConnection;+35
j  org.gradle.tooling.internal.consumer.loader.SynchronizedToolingImplementationLoader.create(Lorg/gradle/tooling/internal/consumer/Distribution;Lorg/gradle/internal/logging/progress/ProgressLoggerFactory;Lorg/gradle/tooling/internal/protocol/InternalBuildProgressListener;Lorg/gradle/tooling/internal/consumer/ConnectionParameters;Lorg/gradle/initialization/BuildCancellationToken;)Lorg/gradle/tooling/internal/consumer/connection/ConsumerConnection;+23
j  org.gradle.tooling.internal.consumer.connection.LazyConsumerActionExecutor.onStartAction(Lorg/gradle/initialization/BuildCancellationToken;Lorg/gradle/tooling/internal/protocol/InternalBuildProgressListener;)Lorg/gradle/tooling/internal/consumer/connection/ConsumerConnection;+72
j  org.gradle.tooling.internal.consumer.connection.LazyConsumerActionExecutor.run(Lorg/gradle/tooling/internal/consumer/connection/ConsumerAction;)Ljava/lang/Object;+26
j  org.gradle.tooling.internal.consumer.connection.CancellableConsumerActionExecutor.run(Lorg/gradle/tooling/internal/consumer/connection/ConsumerAction;)Ljava/lang/Object;+34
j  org.gradle.tooling.internal.consumer.connection.ProgressLoggingConsumerActionExecutor.run(Lorg/gradle/tooling/internal/consumer/connection/ConsumerAction;)Ljava/lang/Object;+78
j  org.gradle.tooling.internal.consumer.connection.RethrowingErrorsConsumerActionExecutor.run(Lorg/gradle/tooling/internal/consumer/connection/ConsumerAction;)Ljava/lang/Object;+5
j  org.gradle.tooling.internal.consumer.async.DefaultAsyncConsumerActionExecutor$1$1.run()V+17
j  org.gradle.internal.concurrent.ExecutorPolicy$CatchAndRecordFailures.onExecute(Ljava/lang/Runnable;)V+1
j  org.gradle.internal.concurrent.AbstractManagedExecutor$1.run()V+25
j  java.util.concurrent.ThreadPoolExecutor.runWorker(Ljava/util/concurrent/ThreadPoolExecutor$Worker;)V+92 java.base@21.0.11
j  java.util.concurrent.ThreadPoolExecutor$Worker.run()V+5 java.base@21.0.11
j  java.lang.Thread.runWith(Ljava/lang/Object;Ljava/lang/Runnable;)V+5 java.base@21.0.11
j  java.lang.Thread.run()V+19 java.base@21.0.11
v  ~StubRoutines::call_stub 0x00000286d565100d

Compiled method (n/a) 17624 1119     n 0       java.lang.ClassLoader::defineClass1 (native)
 total in heap  [0x00000286d5c57690,0x00000286d5c57b18] = 1160
 relocation     [0x00000286d5c577f0,0x00000286d5c57828] = 56
 main code      [0x00000286d5c57840,0x00000286d5c57b16] = 726
 stub code      [0x00000286d5c57b16,0x00000286d5c57b18] = 2

[Constant Pool (empty)]

[MachCode]
[Entry Point]
  # {method} {0x0000028680434a48} 'defineClass1' '(Ljava/lang/ClassLoader;Ljava/lang/String;[BIILjava/security/ProtectionDomain;Ljava/lang/String;)Ljava/lang/Class;' in 'java/lang/ClassLoader'
  # parm0:    rdx:rdx   = 'java/lang/ClassLoader'
  # parm1:    r8:r8     = 'java/lang/String'
  # parm2:    r9:r9     = '[B'
  # parm3:    rdi       = int
  # parm4:    rsi       = int
  # parm5:    rcx:rcx   = 'java/security/ProtectionDomain'
  # parm6:    [sp+0xa0]   = 'java/lang/String'  (sp of caller)
  0x00000286d5c57840: 448b 5208 | 49bb 0000 | 0080 8602 | 0000 4d03 | d349 3bc2 | 0f84 0600 

  0x00000286d5c57858: ;   {runtime_call ic_miss_stub}
  0x00000286d5c57858: 0000 e921 | 6ca4 ff90 
[Verified Entry Point]
  0x00000286d5c57860: 8984 2400 | 80ff ff55 | 488b ec48 | 81ec 9000 | 0000 6690 | 4181 7f20 | 0300 0000 

  0x00000286d5c5787c: ;   {runtime_call StubRoutines (final stubs)}
  0x00000286d5c5787c: 7405 e85d | 11a3 ff48 | 837d 1000 | 488d 4510 | 480f 4445 | 1048 8944 | 2440 4889 | 4c24 7048 
  0x00000286d5c5789c: 83f9 0048 | 8d44 2470 | 480f 4444 | 2470 4889 | 4424 3848 | 8974 2430 | 4889 7c24 | 284c 894c 
  0x00000286d5c578bc: 2458 4983 | f900 488d | 4424 5848 | 0f44 4424 | 5848 8944 | 2420 4c89 | 4424 5049 | 83f8 004c 
  0x00000286d5c578dc: 8d4c 2450 | 4c0f 444c | 2450 4889 | 5424 4848 | 83fa 004c | 8d44 2448 | 4c0f 4444 

  0x00000286d5c578f8: ;   {oop(a 'java/lang/Class'{0x00000000800008a8} = 'java/lang/ClassLoader')}
  0x00000286d5c578f8: 2448 49be | a808 0080 | 0000 0000 | 4c89 7424 | 784c 8d74 | 2478 498b | d6c5 f877 

  0x00000286d5c57914: ;   {internal_word}
  0x00000286d5c57914: 49ba 1179 | c5d5 8602 | 0000 4d89 | 97a8 0300 | 0049 89a7 | a003 0000 

  0x00000286d5c5792c: ;   {external_word}
  0x00000286d5c5792c: 49ba c66c | 4621 fb7f | 0000 4180 | 3a00 0f84 | 4e00 0000 | 5241 5041 

  0x00000286d5c57944: ;   {metadata({method} {0x0000028680434a48} 'defineClass1' '(Ljava/lang/ClassLoader;Ljava/lang/String;[BIILjava/security/ProtectionDomain;Ljava/lang/String;)Ljava/lang/Class;' in 'java/lang/ClassLoader')}
  0x00000286d5c57944: 5148 ba40 | 4a43 8086 | 0200 0049 | 8bcf 4883 | ec20 40f6 | c40f 0f84 | 1900 0000 | 4883 ec08 
  0x00000286d5c57964: ;   {runtime_call}
  0x00000286d5c57964: 48b8 20e5 | ef20 fb7f | 0000 ffd0 | 4883 c408 | e90c 0000 

  0x00000286d5c57978: ;   {runtime_call}
  0x00000286d5c57978: 0048 b820 | e5ef 20fb | 7f00 00ff | d048 83c4 | 2041 5941 | 585a 498d | 8fc0 0300 | 0041 c787 
  0x00000286d5c57998: 4c04 0000 | 0400 0000 

  0x00000286d5c579a0: ;   {runtime_call}
  0x00000286d5c579a0: 48b8 ac16 | 91ba fb7f | 0000 ffd0 | c5f8 7741 | c787 4c04 | 0000 0500 | 0000 f083 | 4424 c000 
  0x00000286d5c579c0: 493b af50 | 0400 000f | 870e 0000 | 0041 83bf | 4804 0000 | 000f 842b | 0000 00c5 | f877 4889 
  0x00000286d5c579e0: 45f8 498b | cf4c 8be4 | 4883 ec20 | 4883 e4f0 

  0x00000286d5c579f0: ;   {runtime_call}
  0x00000286d5c579f0: 48b8 e053 | bb20 fb7f | 0000 ffd0 | 498b e44d | 33e4 488b | 45f8 41c7 | 874c 0400 | 0008 0000 
  0x00000286d5c57a10: 0041 83bf | c804 0000 | 020f 84ca 

  0x00000286d5c57a1c: ;   {external_word}
  0x00000286d5c57a1c: 0000 0049 | bac6 6c46 | 21fb 7f00 | 0041 803a | 000f 844c | 0000 0048 

  0x00000286d5c57a34: ;   {metadata({method} {0x0000028680434a48} 'defineClass1' '(Ljava/lang/ClassLoader;Ljava/lang/String;[BIILjava/security/ProtectionDomain;Ljava/lang/String;)Ljava/lang/Class;' in 'java/lang/ClassLoader')}
  0x00000286d5c57a34: 8945 f848 | ba40 4a43 | 8086 0200 | 0049 8bcf | 4883 ec20 | 40f6 c40f | 0f84 1900 | 0000 4883 
  0x00000286d5c57a54: ;   {runtime_call}
  0x00000286d5c57a54: ec08 48b8 | 20e5 ef20 | fb7f 0000 | ffd0 4883 | c408 e90c 

  0x00000286d5c57a68: ;   {runtime_call}
  0x00000286d5c57a68: 0000 0048 | b820 e5ef | 20fb 7f00 | 00ff d048 | 83c4 2048 | 8b45 f849 | c787 a003 | 0000 0000 
  0x00000286d5c57a88: 0000 49c7 | 87a8 0300 | 0000 0000 | 00c5 f877 | 4885 c00f | 8425 0000 | 00a8 030f | 8508 0000 
  0x00000286d5c57aa8: 0048 8b00 | e915 0000 | 00a8 010f | 8509 0000 | 0048 8b40 | fee9 0400 | 0000 488b | 40ff 498b 
  0x00000286d5c57ac8: 8f30 0400 | 00c7 8100 | 0100 0000 | 0000 00c9 | 4983 7f08 | 000f 8501 | 0000 00c3 

  0x00000286d5c57ae4: ;   {runtime_call StubRoutines (initial stubs)}
  0x00000286d5c57ae4: e917 949f | ffc5 f877 | 4889 45f8 | 4c8b e448 | 83ec 2048 

  0x00000286d5c57af8: ;   {runtime_call}
  0x00000286d5c57af8: 83e4 f048 | b870 1cf0 | 20fb 7f00 | 00ff d049 | 8be4 4d33 | e448 8b45 | f8e9 09ff | ffff f4f4 
[/MachCode]


Compiled method (c1) 17629 1842       3       java.lang.ClassLoader::defineClass (43 bytes)
 total in heap  [0x00000286ce475290,0x00000286ce475bf0] = 2400
 relocation     [0x00000286ce4753f0,0x00000286ce475490] = 160
 main code      [0x00000286ce4754a0,0x00000286ce475940] = 1184
 stub code      [0x00000286ce475940,0x00000286ce4759b8] = 120
 metadata       [0x00000286ce4759b8,0x00000286ce4759e8] = 48
 scopes data    [0x00000286ce4759e8,0x00000286ce475ad8] = 240
 scopes pcs     [0x00000286ce475ad8,0x00000286ce475bb8] = 224
 dependencies   [0x00000286ce475bb8,0x00000286ce475bc8] = 16
 nul chk table  [0x00000286ce475bc8,0x00000286ce475bf0] = 40

[Constant Pool (empty)]

[MachCode]
[Entry Point]
  # {method} {0x0000028680434dc8} 'defineClass' '(Ljava/lang/String;[BIILjava/security/ProtectionDomain;)Ljava/lang/Class;' in 'java/lang/ClassLoader'
  # this:     rdx:rdx   = 'java/lang/ClassLoader'
  # parm0:    r8:r8     = 'java/lang/String'
  # parm1:    r9:r9     = '[B'
  # parm2:    rdi       = int
  # parm3:    rsi       = int
  # parm4:    rcx:rcx   = 'java/security/ProtectionDomain'
  #           [sp+0xc0]  (sp of caller)
  0x00000286ce4754a0: 448b 5208 | 49bb 0000 | 0080 8602 | 0000 4d03 | d34c 3bd0 

  0x00000286ce4754b4: ;   {runtime_call ic_miss_stub}
  0x00000286ce4754b4: 0f85 c68f | 2207 660f | 1f44 0000 
[Verified Entry Point]
  0x00000286ce4754c0: 8984 2400 | 80ff ff55 | 4881 ecb0 | 0000 0090 | 4181 7f20 | 0300 0000 

  0x00000286ce4754d8: ;   {runtime_call StubRoutines (final stubs)}
  0x00000286ce4754d8: 7405 e801 | 3521 0748 | 8954 2478 

  0x00000286ce4754e4: ;   {metadata(method data for {method} {0x0000028680434dc8} 'defineClass' '(Ljava/lang/String;[BIILjava/security/ProtectionDomain;)Ljava/lang/Class;' in 'java/lang/ClassLoader')}
  0x00000286ce4754e4: 48bb 5021 | 37e4 8602 | 0000 8b83 | cc00 0000 | 83c0 0289 | 83cc 0000 | 0025 fe07 | 0000 85c0 
  0x00000286ce475504: 0f84 5803 | 0000 89b4 | 2494 0000 | 0089 bc24 | 9000 0000 | 4c89 8c24 | 8800 0000 

  0x00000286ce475520: ;   {metadata(method data for {method} {0x0000028680434dc8} 'defineClass' '(Ljava/lang/String;[BIILjava/security/ProtectionDomain;)Ljava/lang/Class;' in 'java/lang/ClassLoader')}
  0x00000286ce475520: 488b da48 | b850 2137 | e486 0200 | 0048 8380 | 1001 0000 | 0149 8bd8 | 4c8b c34c | 8bc9 488b 
  0x00000286ce475540: ca48 8bd1 | 4889 9c24 | 8000 0000 

  0x00000286ce47554c: ;   {optimized virtual_call}
  0x00000286ce47554c: 6666 90e8 

  0x00000286ce475550: ; ImmutableOopMap {[120]=Oop [128]=Oop [136]=Oop }
                      ;*invokevirtual preDefineClass {reexecute=0 rethrow=0 return_oop=0}
                      ; - java.lang.ClassLoader::defineClass@4
  0x00000286ce475550: ccf3 edff 

  0x00000286ce475554: ;   {other}
  0x00000286ce475554: 0f1f 8400 | c402 0000 | 4889 8424 | 9800 0000 | 488b 5424 

  0x00000286ce475568: ;   {metadata(method data for {method} {0x0000028680434dc8} 'defineClass' '(Ljava/lang/String;[BIILjava/security/ProtectionDomain;)Ljava/lang/Class;' in 'java/lang/ClassLoader')}
  0x00000286ce475568: 7849 b850 | 2137 e486 | 0200 0049 | 8380 4801 

  0x00000286ce475578: ;   {metadata(method data for {method} {0x0000028680434ab0} 'defineClassSourceLocation' '(Ljava/security/ProtectionDomain;)Ljava/lang/String;' in 'java/lang/ClassLoader')}
  0x00000286ce475578: 0000 0149 | b868 2837 | e486 0200 | 0041 8b90 | cc00 0000 | 83c2 0241 | 8990 cc00 | 0000 81e2 
  0x00000286ce475598: feff 1f00 | 85d2 0f84 | df02 0000 

  0x00000286ce4755a4: ; implicit exception: dispatches to 0x00000286ce4758a4
  0x00000286ce4755a4: 483b 004c 

  0x00000286ce4755a8: ;   {metadata(method data for {method} {0x0000028680434ab0} 'defineClassSourceLocation' '(Ljava/security/ProtectionDomain;)Ljava/lang/String;' in 'java/lang/ClassLoader')}
  0x00000286ce4755a8: 8bc0 48ba | 6828 37e4 | 8602 0000 | 4883 8210 | 0100 0001 | 448b 4010 

  0x00000286ce4755c0: ;   {metadata(method data for {method} {0x0000028680434ab0} 'defineClassSourceLocation' '(Ljava/security/ProtectionDomain;)Ljava/lang/String;' in 'java/lang/ClassLoader')}
  0x00000286ce4755c0: 4d85 c048 | ba68 2837 | e486 0200 | 0048 c7c6 | 5801 0000 | 7507 48c7 | c648 0100 | 0048 8b3c 
  0x00000286ce4755e0: 3248 8d7f | 0148 893c | 320f 850f 

  0x00000286ce4755ec: ;   {oop(nullptr)}
  0x00000286ce4755ec: 0000 0048 | bb00 0000 | 0000 0000 | 00e9 a901 | 0000 493b | 0049 8bd0 

  0x00000286ce475604: ;   {metadata(method data for {method} {0x0000028680434ab0} 'defineClassSourceLocation' '(Ljava/security/ProtectionDomain;)Ljava/lang/String;' in 'java/lang/ClassLoader')}
  0x00000286ce475604: 48be 6828 | 37e4 8602 | 0000 4883 | 8668 0100 | 0001 418b | 500c 4885 

  0x00000286ce47561c: ;   {metadata(method data for {method} {0x0000028680434ab0} 'defineClassSourceLocation' '(Ljava/security/ProtectionDomain;)Ljava/lang/String;' in 'java/lang/ClassLoader')}
  0x00000286ce47561c: d248 be68 | 2837 e486 | 0200 0048 | c7c7 b001 | 0000 7507 | 48c7 c7a0 | 0100 0048 | 8b1c 3e48 
  0x00000286ce47563c: 8d5b 0148 | 891c 3e0f | 850f 0000 

  0x00000286ce475648: ;   {oop(nullptr)}
  0x00000286ce475648: 0048 bb00 | 0000 0000 | 0000 00e9 | 4f01 0000 

  0x00000286ce475658: ;   {metadata(method data for {method} {0x0000028680434ab0} 'defineClassSourceLocation' '(Ljava/security/ProtectionDomain;)Ljava/lang/String;' in 'java/lang/ClassLoader')}
  0x00000286ce475658: 48be 6828 | 37e4 8602 | 0000 4883 | 86c0 0100 | 0001 483b | 024c 8bc2 

  0x00000286ce475670: ;   {metadata(method data for {method} {0x0000028680434ab0} 'defineClassSourceLocation' '(Ljava/security/ProtectionDomain;)Ljava/lang/String;' in 'java/lang/ClassLoader')}
  0x00000286ce475670: 48be 6828 | 37e4 8602 | 0000 4883 | 86f8 0100 

  0x00000286ce475680: ;   {metadata(method data for {method} {0x000002868001abf0} 'toString' '()Ljava/lang/String;' in 'java/net/URL')}
  0x00000286ce475680: 0001 49b8 | 381c 37e4 | 8602 0000 | 418b b0cc | 0000 0083 | c602 4189 | b0cc 0000 | 0081 e6fe 
  0x00000286ce4756a0: ff1f 0085 | f60f 8408 | 0200 004c 

  0x00000286ce4756ac: ;   {metadata(method data for {method} {0x000002868001abf0} 'toString' '()Ljava/lang/String;' in 'java/net/URL')}
  0x00000286ce4756ac: 8bc2 48be | 381c 37e4 | 8602 0000 | 4883 8610 | 0100 0001 

  0x00000286ce4756c0: ;   {metadata(method data for {method} {0x0000028680428650} 'toExternalForm' '()Ljava/lang/String;' in 'java/net/URL')}
  0x00000286ce4756c0: 49b8 e8b3 | 36e4 8602 | 0000 418b | b0cc 0000 | 0083 c602 | 4189 b0cc | 0000 0081 | e6fe ff1f 
  0x00000286ce4756e0: 0085 f60f | 84eb 0100 | 008b 7238 

  0x00000286ce4756ec: ; implicit exception: dispatches to 0x00000286ce4758f5
  0x00000286ce4756ec: 483b 064c 

  0x00000286ce4756f0: ;   {metadata(method data for {method} {0x0000028680428650} 'toExternalForm' '()Ljava/lang/String;' in 'java/net/URL')}
  0x00000286ce4756f0: 8bc6 48bf | e8b3 36e4 | 8602 0000 | 458b 4008 | 49ba 0000 | 0080 8602 | 0000 4d03 | c24c 3b87 
  0x00000286ce475710: 2001 0000 | 750d 4883 | 8728 0100 | 0001 e960 | 0000 004c | 3b87 3001 | 0000 750d | 4883 8738 
  0x00000286ce475730: 0100 0001 | e94a 0000 | 0048 83bf | 2001 0000 | 0075 174c | 8987 2001 | 0000 48c7 | 8728 0100 
  0x00000286ce475750: 0001 0000 | 00e9 2900 | 0000 4883 | bf30 0100 | 0000 7517 | 4c89 8730 | 0100 0048 | c787 3801 
  0x00000286ce475770: 0000 0100 | 0000 e908 | 0000 0048 | 8387 1001 | 0000 014c | 8bc2 488b | d60f 1f40 | 0048 b8ff 
  0x00000286ce475790: ffff ffff 

  0x00000286ce475794: ;   {virtual_call}
  0x00000286ce475794: ffff ffe8 

  0x00000286ce475798: ; ImmutableOopMap {[120]=Oop [128]=Oop [136]=Oop [152]=Oop }
                      ;*invokevirtual toExternalForm {reexecute=0 rethrow=0 return_oop=0}
                      ; - java.net.URL::toExternalForm@5
                      ; - java.net.URL::toString@1
                      ; - java.lang.ClassLoader::defineClassSourceLocation@22
                      ; - java.lang.ClassLoader::defineClass@12
  0x00000286ce475798: 6423 2e07 

  0x00000286ce47579c: ;   {other}
  0x00000286ce47579c: 0f1f 8400 | 0c05 0001 | 488b d848 | 8b84 2498 | 0000 008b | b424 9400 | 0000 8bbc | 2490 0000 
  0x00000286ce4757bc: 004c 8b8c | 2488 0000 | 004c 8b84 | 2480 0000 | 0048 8b54 

  0x00000286ce4757d0: ;   {metadata(method data for {method} {0x0000028680434dc8} 'defineClass' '(Ljava/lang/String;[BIILjava/security/ProtectionDomain;)Ljava/lang/Class;' in 'java/lang/ClassLoader')}
  0x00000286ce4757d0: 2478 48b9 | 5021 37e4 | 8602 0000 | 4883 8180 | 0100 0001 | 4c8b da49 | 8bd3 488b | c848 891c 
  0x00000286ce4757f0: 2466 0f1f 

  0x00000286ce4757f4: ;   {static_call}
  0x00000286ce4757f4: 4400 00e8 

  0x00000286ce4757f8: ; ImmutableOopMap {[120]=Oop [152]=Oop }
                      ;*invokestatic defineClass1 {reexecute=0 rethrow=0 return_oop=0}
                      ; - java.lang.ClassLoader::defineClass@27
  0x00000286ce4757f8: 6420 7e07 

  0x00000286ce4757fc: ;   {other}
  0x00000286ce4757fc: 0f1f 8400 | 6c05 0002 | 488b 5424 

  0x00000286ce475808: ;   {metadata(method data for {method} {0x0000028680434dc8} 'defineClass' '(Ljava/lang/String;[BIILjava/security/ProtectionDomain;)Ljava/lang/Class;' in 'java/lang/ClassLoader')}
  0x00000286ce475808: 7849 b850 | 2137 e486 | 0200 0049 | 8380 9001 | 0000 014c | 8bc0 4c8b | 8c24 9800 | 0000 488b 
  0x00000286ce475828: 5424 7848 | 8984 24a0 | 0000 000f 

  0x00000286ce475834: ;   {optimized virtual_call}
  0x00000286ce475834: 1f40 00e8 

  0x00000286ce475838: ; ImmutableOopMap {[160]=Oop }
                      ;*invokevirtual postDefineClass {reexecute=0 rethrow=0 return_oop=0}
                      ; - java.lang.ClassLoader::defineClass@37
  0x00000286ce475838: e42a f7ff 

  0x00000286ce47583c: ;   {other}
  0x00000286ce47583c: 0f1f 8400 | ac05 0003 | 488b 8424 | a000 0000 | 4881 c4b0 | 0000 005d 

  0x00000286ce475854: ;   {poll_return}
  0x00000286ce475854: 493b a750 | 0400 000f | 8799 0000 

  0x00000286ce475860: ;   {metadata({method} {0x0000028680434dc8} 'defineClass' '(Ljava/lang/String;[BIILjava/security/ProtectionDomain;)Ljava/lang/Class;' in 'java/lang/ClassLoader')}
  0x00000286ce475860: 00c3 49ba | c04d 4380 | 8602 0000 | 4c89 5424 | 0848 c704 | 24ff ffff 

  0x00000286ce475878: ;   {runtime_call counter_overflow Runtime1 stub}
  0x00000286ce475878: ffe8 82ca 

  0x00000286ce47587c: ; ImmutableOopMap {rdx=Oop r8=Oop r9=Oop rcx=Oop [120]=Oop }
                      ;*synchronization entry
                      ; - java.lang.ClassLoader::defineClass@-1
  0x00000286ce47587c: 2d07 e987 

  0x00000286ce475880: ;   {metadata({method} {0x0000028680434ab0} 'defineClassSourceLocation' '(Ljava/security/ProtectionDomain;)Ljava/lang/String;' in 'java/lang/ClassLoader')}
  0x00000286ce475880: fcff ff49 | baa8 4a43 | 8086 0200 | 004c 8954 | 2408 48c7 | 0424 ffff 

  0x00000286ce475898: ;   {runtime_call counter_overflow Runtime1 stub}
  0x00000286ce475898: ffff e861 

  0x00000286ce47589c: ; ImmutableOopMap {rax=Oop [120]=Oop [128]=Oop [136]=Oop [152]=Oop }
                      ;*synchronization entry
                      ; - java.lang.ClassLoader::defineClassSourceLocation@-1
                      ; - java.lang.ClassLoader::defineClass@12
  0x00000286ce47589c: ca2d 07e9 | 00fd ffff 

  0x00000286ce4758a4: ;   {runtime_call throw_null_pointer_exception Runtime1 stub}
  0x00000286ce4758a4: e857 792d 

  0x00000286ce4758a8: ; ImmutableOopMap {rax=Oop [120]=Oop [128]=Oop [136]=Oop [152]=Oop }
                      ;*invokevirtual getCodeSource {reexecute=0 rethrow=0 return_oop=0}
                      ; - java.lang.ClassLoader::defineClassSourceLocation@1
                      ; - java.lang.ClassLoader::defineClass@12
                      ;   {runtime_call throw_null_pointer_exception Runtime1 stub}
  0x00000286ce4758a8: 07e8 5279 

  0x00000286ce4758ac: ; ImmutableOopMap {rax=Oop r8=Oop [120]=Oop [128]=Oop [136]=Oop [152]=Oop }
                      ;*invokevirtual getLocation {reexecute=0 rethrow=0 return_oop=0}
                      ; - java.lang.ClassLoader::defineClassSourceLocation@12
                      ; - java.lang.ClassLoader::defineClass@12
                      ;   {runtime_call throw_null_pointer_exception Runtime1 stub}
  0x00000286ce4758ac: 2d07 e84d 

  0x00000286ce4758b0: ; ImmutableOopMap {rdx=Oop [120]=Oop [128]=Oop [136]=Oop [152]=Oop }
                      ;*invokevirtual toString {reexecute=0 rethrow=0 return_oop=0}
                      ; - java.lang.ClassLoader::defineClassSourceLocation@22
                      ; - java.lang.ClassLoader::defineClass@12
                      ;   {metadata({method} {0x000002868001abf0} 'toString' '()Ljava/lang/String;' in 'java/net/URL')}
  0x00000286ce4758b0: 792d 0749 | bae8 ab01 | 8086 0200 | 004c 8954 | 2408 48c7 | 0424 ffff 

  0x00000286ce4758c8: ;   {runtime_call counter_overflow Runtime1 stub}
  0x00000286ce4758c8: ffff e831 

  0x00000286ce4758cc: ; ImmutableOopMap {rdx=Oop [120]=Oop [128]=Oop [136]=Oop [152]=Oop }
                      ;*synchronization entry
                      ; - java.net.URL::toString@-1
                      ; - java.lang.ClassLoader::defineClassSourceLocation@22
                      ; - java.lang.ClassLoader::defineClass@12
  0x00000286ce4758cc: ca2d 07e9 | d7fd ffff 

  0x00000286ce4758d4: ;   {metadata({method} {0x0000028680428650} 'toExternalForm' '()Ljava/lang/String;' in 'java/net/URL')}
  0x00000286ce4758d4: 49ba 4886 | 4280 8602 | 0000 4c89 | 5424 0848 | c704 24ff 

  0x00000286ce4758e8: ;   {runtime_call counter_overflow Runtime1 stub}
  0x00000286ce4758e8: ffff ffe8 

  0x00000286ce4758ec: ; ImmutableOopMap {rdx=Oop [120]=Oop [128]=Oop [136]=Oop [152]=Oop }
                      ;*synchronization entry
                      ; - java.net.URL::toExternalForm@-1
                      ; - java.net.URL::toString@1
                      ; - java.lang.ClassLoader::defineClassSourceLocation@22
                      ; - java.lang.ClassLoader::defineClass@12
  0x00000286ce4758ec: 10ca 2d07 | e9f4 fdff 

  0x00000286ce4758f4: ;   {runtime_call throw_null_pointer_exception Runtime1 stub}
  0x00000286ce4758f4: ffe8 0679 

  0x00000286ce4758f8: ; ImmutableOopMap {rdx=Oop rsi=Oop [120]=Oop [128]=Oop [136]=Oop [152]=Oop }
                      ;*invokevirtual toExternalForm {reexecute=0 rethrow=0 return_oop=0}
                      ; - java.net.URL::toExternalForm@5
                      ; - java.net.URL::toString@1
                      ; - java.lang.ClassLoader::defineClassSourceLocation@22
                      ; - java.lang.ClassLoader::defineClass@12
                      ;   {internal_word}
  0x00000286ce4758f8: 2d07 49ba | 5458 47ce | 8602 0000 | 4d89 9768 

  0x00000286ce475908: ;   {runtime_call SafepointBlob}
  0x00000286ce475908: 0400 00e9 | f0f1 2207 | 498b 8700 | 0500 0049 | c787 0005 | 0000 0000 | 0000 49c7 | 8708 0500 
  0x00000286ce475928: 0000 0000 | 0048 81c4 | b000 0000 

  0x00000286ce475934: ;   {runtime_call unwind_exception Runtime1 stub}
  0x00000286ce475934: 5de9 c669 | 2d07 f4f4 | f4f4 f4f4 
[Stub Code]
  0x00000286ce475940: ;   {no_reloc}
  0x00000286ce475940: 0f1f 4400 

  0x00000286ce475944: ;   {static_stub}
  0x00000286ce475944: 0048 bb00 | 0000 0000 

  0x00000286ce47594c: ;   {runtime_call nmethod}
  0x00000286ce47594c: 0000 00e9 | fbff ffff 

  0x00000286ce475954: ;   {static_stub}
  0x00000286ce475954: 48bb 0000 | 0000 0000 

  0x00000286ce47595c: ;   {runtime_call nmethod}
  0x00000286ce47595c: 0000 e9fb 

  0x00000286ce475960: ;   {static_stub}
  0x00000286ce475960: ffff ff48 | bb00 0000 | 0000 0000 

  0x00000286ce47596c: ;   {runtime_call nmethod}
  0x00000286ce47596c: 00e9 fbff 

  0x00000286ce475970: ;   {static_stub}
  0x00000286ce475970: ffff 48bb | 0000 0000 | 0000 0000 

  0x00000286ce47597c: ;   {runtime_call nmethod}
  0x00000286ce47597c: e9fb ffff 

  0x00000286ce475980: ;   {runtime_call handle_exception_from_callee Runtime1 stub}
  0x00000286ce475980: ffe8 7a96 

  0x00000286ce475984: ;   {external_word}
  0x00000286ce475984: 2d07 48b9 | 4063 1c21 | fb7f 0000 | 4883 e4f0 

  0x00000286ce475994: ;   {runtime_call}
  0x00000286ce475994: 48b8 d0c4 | de20 fb7f | 0000 ffd0 

  0x00000286ce4759a0: ;   {section_word}
  0x00000286ce4759a0: f449 baa1 | 5947 ce86 | 0200 0041 

  0x00000286ce4759ac: ;   {runtime_call DeoptimizationBlob}
  0x00000286ce4759ac: 52e9 eee3 | 2207 f4f4 | f4f4 f4f4 
[/MachCode]


Compiled method (c1) 17642 1736       3       java.security.SecureClassLoader::defineClass (16 bytes)
 total in heap  [0x00000286ce42a490,0x00000286ce42a890] = 1024
 relocation     [0x00000286ce42a5f0,0x00000286ce42a640] = 80
 main code      [0x00000286ce42a640,0x00000286ce42a798] = 344
 stub code      [0x00000286ce42a798,0x00000286ce42a7e8] = 80
 metadata       [0x00000286ce42a7e8,0x00000286ce42a7f0] = 8
 scopes data    [0x00000286ce42a7f0,0x00000286ce42a838] = 72
 scopes pcs     [0x00000286ce42a838,0x00000286ce42a888] = 80
 dependencies   [0x00000286ce42a888,0x00000286ce42a890] = 8

[Constant Pool (empty)]

[MachCode]
[Entry Point]
  # {method} {0x000002868004e0e8} 'defineClass' '(Ljava/lang/String;[BIILjava/security/CodeSource;)Ljava/lang/Class;' in 'java/security/SecureClassLoader'
  # this:     rdx:rdx   = 'java/security/SecureClassLoader'
  # parm0:    r8:r8     = 'java/lang/String'
  # parm1:    r9:r9     = '[B'
  # parm2:    rdi       = int
  # parm3:    rsi       = int
  # parm4:    rcx:rcx   = 'java/security/CodeSource'
  #           [sp+0x80]  (sp of caller)
  0x00000286ce42a640: 448b 5208 | 49bb 0000 | 0080 8602 | 0000 4d03 | d34c 3bd0 

  0x00000286ce42a654: ;   {runtime_call ic_miss_stub}
  0x00000286ce42a654: 0f85 263e | 2707 660f | 1f44 0000 
[Verified Entry Point]
  0x00000286ce42a660: 8984 2400 | 80ff ff55 | 4883 ec70 | 4181 7f20 | 0300 0000 

  0x00000286ce42a674: ;   {runtime_call StubRoutines (final stubs)}
  0x00000286ce42a674: 7405 e865 

  0x00000286ce42a678: ;   {metadata(method data for {method} {0x000002868004e0e8} 'defineClass' '(Ljava/lang/String;[BIILjava/security/CodeSource;)Ljava/lang/Class;' in 'java/security/SecureClassLoader')}
  0x00000286ce42a678: e325 0748 | bbc0 c33b | e486 0200 | 008b 83cc | 0000 0083 | c002 8983 | cc00 0000 | 25fe 0700 
  0x00000286ce42a698: 0085 c00f | 8496 0000 | 0089 7424 | 5c89 7c24 | 584c 894c | 2450 4c89 | 4424 4848 

  0x00000286ce42a6b4: ;   {metadata(method data for {method} {0x000002868004e0e8} 'defineClass' '(Ljava/lang/String;[BIILjava/security/CodeSource;)Ljava/lang/Class;' in 'java/security/SecureClassLoader')}
  0x00000286ce42a6b4: 8bda 48b8 | c0c3 3be4 | 8602 0000 | 4883 8010 | 0100 0001 | 4c8b c148 | 8bc2 488b | d048 8944 
  0x00000286ce42a6d4: ;   {optimized virtual_call}
  0x00000286ce42a6d4: 2440 90e8 

  0x00000286ce42a6d8: ; ImmutableOopMap {[64]=Oop [72]=Oop [80]=Oop }
                      ;*invokevirtual getProtectionDomain {reexecute=0 rethrow=0 return_oop=0}
                      ; - java.security.SecureClassLoader::defineClass@9
  0x00000286ce42a6d8: c46a ffff 

  0x00000286ce42a6dc: ;   {other}
  0x00000286ce42a6dc: 0f1f 8400 | 4c02 0000 | 488b 5424 

  0x00000286ce42a6e8: ;   {metadata(method data for {method} {0x000002868004e0e8} 'defineClass' '(Ljava/lang/String;[BIILjava/security/CodeSource;)Ljava/lang/Class;' in 'java/security/SecureClassLoader')}
  0x00000286ce42a6e8: 4049 b8c0 | c33b e486 | 0200 0049 | 8380 4801 | 0000 014c | 8b44 2448 | 4c8b 4c24 | 508b 7c24 
  0x00000286ce42a708: 588b 7424 | 5c48 8bc8 | 488b 5424 

  0x00000286ce42a714: ;   {optimized virtual_call}
  0x00000286ce42a714: 4066 90e8 

  0x00000286ce42a718: ; ImmutableOopMap {}
                      ;*invokevirtual defineClass {reexecute=0 rethrow=0 return_oop=0}
                      ; - java.security.SecureClassLoader::defineClass@12
  0x00000286ce42a718: a4ad 0400 

  0x00000286ce42a71c: ;   {other}
  0x00000286ce42a71c: 0f1f 8400 | 8c02 0001 | 4883 c470 

  0x00000286ce42a728: ;   {poll_return}
  0x00000286ce42a728: 5d49 3ba7 | 5004 0000 | 0f87 2200 

  0x00000286ce42a734: ;   {metadata({method} {0x000002868004e0e8} 'defineClass' '(Ljava/lang/String;[BIILjava/security/CodeSource;)Ljava/lang/Class;' in 'java/security/SecureClassLoader')}
  0x00000286ce42a734: 0000 c349 | bae0 e004 | 8086 0200 | 004c 8954 | 2408 48c7 | 0424 ffff 

  0x00000286ce42a74c: ;   {runtime_call counter_overflow Runtime1 stub}
  0x00000286ce42a74c: ffff e8ad 

  0x00000286ce42a750: ; ImmutableOopMap {rdx=Oop r8=Oop r9=Oop rcx=Oop }
                      ;*synchronization entry
                      ; - java.security.SecureClassLoader::defineClass@-1
  0x00000286ce42a750: 7b32 07e9 | 49ff ffff 

  0x00000286ce42a758: ;   {internal_word}
  0x00000286ce42a758: 49ba 29a7 | 42ce 8602 | 0000 4d89 | 9768 0400 

  0x00000286ce42a768: ;   {runtime_call SafepointBlob}
  0x00000286ce42a768: 00e9 92a3 | 2707 498b | 8700 0500 | 0049 c787 | 0005 0000 | 0000 0000 | 49c7 8708 | 0500 0000 
  0x00000286ce42a788: 0000 0048 | 83c4 705d 

  0x00000286ce42a790: ;   {runtime_call unwind_exception Runtime1 stub}
  0x00000286ce42a790: e96b 1b32 | 07f4 f4f4 
[Stub Code]
  0x00000286ce42a798: ;   {no_reloc}
  0x00000286ce42a798: 48bb 0000 | 0000 0000 

  0x00000286ce42a7a0: ;   {runtime_call nmethod}
  0x00000286ce42a7a0: 0000 e9fb 

  0x00000286ce42a7a4: ;   {static_stub}
  0x00000286ce42a7a4: ffff ff48 | bbc0 4d43 | 8086 0200 

  0x00000286ce42a7b0: ;   {runtime_call I2C/C2I adapters}
  0x00000286ce42a7b0: 00e9 3fa2 

  0x00000286ce42a7b4: ;   {runtime_call handle_exception_from_callee Runtime1 stub}
  0x00000286ce42a7b4: 2607 e845 

  0x00000286ce42a7b8: ;   {external_word}
  0x00000286ce42a7b8: 4832 0748 | b940 631c | 21fb 7f00 | 0048 83e4 

  0x00000286ce42a7c8: ;   {runtime_call}
  0x00000286ce42a7c8: f048 b8d0 | c4de 20fb | 7f00 00ff 

  0x00000286ce42a7d4: ;   {section_word}
  0x00000286ce42a7d4: d0f4 49ba | d6a7 42ce | 8602 0000 

  0x00000286ce42a7e0: ;   {runtime_call DeoptimizationBlob}
  0x00000286ce42a7e0: 4152 e9b9 | 9527 07f4 
[/MachCode]


---------------  P R O C E S S  ---------------

Threads class SMR info:
_java_thread_list=0x00000286e899aee0, length=49, elements={
0x00000286caf33870, 0x00000286cafde6b0, 0x00000286caebd890, 0x00000286caec6e10,
0x00000286caec9880, 0x00000286caeca2e0, 0x00000286caecbd50, 0x00000286e2c51ee0,
0x00000286e2c54fc0, 0x00000286e2e52a20, 0x00000286e2eb1950, 0x00000286e80063c0,
0x00000286e893d270, 0x00000286e8722930, 0x00000286e8a43ba0, 0x00000286e9185810,
0x00000286e2f72f80, 0x00000286e8c3d4a0, 0x00000286e8bbd820, 0x00000286e8bc0610,
0x00000286e8bbe540, 0x00000286e8bc0ca0, 0x00000286e8bbdeb0, 0x00000286e8bbebd0,
0x00000286e8bbf8f0, 0x00000286e8bbff80, 0x00000286ea5abbb0, 0x00000286ea5aa170,
0x00000286ea5a8730, 0x00000286ea5a8dc0, 0x00000286ea5ac8d0, 0x00000286ea5a9450,
0x00000286ea5ab520, 0x00000286ea5ac240, 0x00000286ea5a9ae0, 0x00000286ea5adc80,
0x00000286ea5aa800, 0x00000286ea5ae310, 0x00000286ea5aae90, 0x00000286ea5acf60,
0x00000286ea5afd50, 0x00000286ea5af6c0, 0x00000286ea5ae9a0, 0x00000286ea5af030,
0x00000286ea5ad5f0, 0x00000286eb51b740, 0x00000286eb518fe0, 0x00000286eb519670,
0x00000286eb5182c0
}

Java Threads: ( => current thread )
  0x00000286caf33870 JavaThread "main"                              [_thread_blocked, id=5288, stack(0x000000ca28a00000,0x000000ca28b00000) (1024K)]
  0x00000286cafde6b0 JavaThread "Reference Handler"          daemon [_thread_blocked, id=7752, stack(0x000000ca28e00000,0x000000ca28f00000) (1024K)]
  0x00000286caebd890 JavaThread "Finalizer"                  daemon [_thread_blocked, id=17412, stack(0x000000ca28f00000,0x000000ca29000000) (1024K)]
  0x00000286caec6e10 JavaThread "Signal Dispatcher"          daemon [_thread_blocked, id=21756, stack(0x000000ca29000000,0x000000ca29100000) (1024K)]
  0x00000286caec9880 JavaThread "Attach Listener"            daemon [_thread_blocked, id=20436, stack(0x000000ca29100000,0x000000ca29200000) (1024K)]
  0x00000286caeca2e0 JavaThread "Service Thread"             daemon [_thread_blocked, id=17224, stack(0x000000ca29200000,0x000000ca29300000) (1024K)]
  0x00000286caecbd50 JavaThread "Monitor Deflation Thread"   daemon [_thread_blocked, id=21560, stack(0x000000ca29300000,0x000000ca29400000) (1024K)]
  0x00000286e2c51ee0 JavaThread "C2 CompilerThread0"         daemon [_thread_in_native, id=23280, stack(0x000000ca29400000,0x000000ca29500000) (1024K)]
  0x00000286e2c54fc0 JavaThread "C1 CompilerThread0"         daemon [_thread_blocked, id=21968, stack(0x000000ca29500000,0x000000ca29600000) (1024K)]
  0x00000286e2e52a20 JavaThread "Common-Cleaner"             daemon [_thread_blocked, id=3960, stack(0x000000ca29600000,0x000000ca29700000) (1024K)]
  0x00000286e2eb1950 JavaThread "Notification Thread"        daemon [_thread_blocked, id=21876, stack(0x000000ca29800000,0x000000ca29900000) (1024K)]
  0x00000286e80063c0 JavaThread "Active Thread: Equinox Container: e0ecaaaa-6cf0-4c67-95f3-926fd7e978d4"        [_thread_blocked, id=3268, stack(0x000000ca29f00000,0x000000ca2a000000) (1024K)]
  0x00000286e893d270 JavaThread "Refresh Thread: Equinox Container: e0ecaaaa-6cf0-4c67-95f3-926fd7e978d4" daemon [_thread_blocked, id=17676, stack(0x000000ca2a100000,0x000000ca2a200000) (1024K)]
  0x00000286e8722930 JavaThread "Framework Event Dispatcher: Equinox Container: e0ecaaaa-6cf0-4c67-95f3-926fd7e978d4" daemon [_thread_blocked, id=12880, stack(0x000000ca2a200000,0x000000ca2a300000) (1024K)]
  0x00000286e8a43ba0 JavaThread "Start Level: Equinox Container: e0ecaaaa-6cf0-4c67-95f3-926fd7e978d4" daemon [_thread_blocked, id=8584, stack(0x000000ca2a300000,0x000000ca2a400000) (1024K)]
  0x00000286e9185810 JavaThread "Bundle File Closer"         daemon [_thread_blocked, id=17956, stack(0x000000ca2a600000,0x000000ca2a700000) (1024K)]
  0x00000286e2f72f80 JavaThread "SCR Component Actor"        daemon [_thread_blocked, id=23176, stack(0x000000ca29700000,0x000000ca29800000) (1024K)]
  0x00000286e8c3d4a0 JavaThread "Worker-JM"                         [_thread_blocked, id=6488, stack(0x000000ca2a700000,0x000000ca2a800000) (1024K)]
  0x00000286e8bbd820 JavaThread "JNA Cleaner"                daemon [_thread_blocked, id=17008, stack(0x000000ca2a800000,0x000000ca2a900000) (1024K)]
  0x00000286e8bc0610 JavaThread "Worker-0"                          [_thread_blocked, id=18992, stack(0x000000ca2a900000,0x000000ca2aa00000) (1024K)]
  0x00000286e8bbe540 JavaThread "Worker-1"                          [_thread_blocked, id=3856, stack(0x000000ca2aa00000,0x000000ca2ab00000) (1024K)]
  0x00000286e8bc0ca0 JavaThread "Java indexing"              daemon [_thread_blocked, id=7380, stack(0x000000ca2ab00000,0x000000ca2ac00000) (1024K)]
  0x00000286e8bbdeb0 JavaThread "Worker-2"                          [_thread_blocked, id=10220, stack(0x000000ca2ae00000,0x000000ca2af00000) (1024K)]
  0x00000286e8bbebd0 JavaThread "Worker-3: Initialize Workspace"        [_thread_blocked, id=20852, stack(0x000000ca2af00000,0x000000ca2b000000) (1024K)]
  0x00000286e8bbf8f0 JavaThread "Worker-4"                          [_thread_blocked, id=20748, stack(0x000000ca2b000000,0x000000ca2b100000) (1024K)]
  0x00000286e8bbff80 JavaThread "Worker-5"                          [_thread_blocked, id=12600, stack(0x000000ca2b100000,0x000000ca2b200000) (1024K)]
  0x00000286ea5abbb0 JavaThread "Thread-1"                   daemon [_thread_in_native, id=5728, stack(0x000000ca2b200000,0x000000ca2b300000) (1024K)]
  0x00000286ea5aa170 JavaThread "Thread-2"                   daemon [_thread_in_native, id=3484, stack(0x000000ca2b300000,0x000000ca2b400000) (1024K)]
  0x00000286ea5a8730 JavaThread "Thread-3"                   daemon [_thread_in_native, id=3156, stack(0x000000ca2b400000,0x000000ca2b500000) (1024K)]
  0x00000286ea5a8dc0 JavaThread "Thread-4"                   daemon [_thread_in_native, id=19448, stack(0x000000ca2b500000,0x000000ca2b600000) (1024K)]
  0x00000286ea5ac8d0 JavaThread "Thread-5"                   daemon [_thread_in_native, id=20936, stack(0x000000ca2b600000,0x000000ca2b700000) (1024K)]
  0x00000286ea5a9450 JavaThread "Thread-6"                   daemon [_thread_in_native, id=20736, stack(0x000000ca2b700000,0x000000ca2b800000) (1024K)]
  0x00000286ea5ab520 JavaThread "Thread-7"                   daemon [_thread_in_native, id=14500, stack(0x000000ca2b800000,0x000000ca2b900000) (1024K)]
  0x00000286ea5ac240 JavaThread "Thread-8"                   daemon [_thread_in_native, id=15788, stack(0x000000ca2b900000,0x000000ca2ba00000) (1024K)]
  0x00000286ea5a9ae0 JavaThread "Thread-9"                   daemon [_thread_in_native, id=20064, stack(0x000000ca2ba00000,0x000000ca2bb00000) (1024K)]
  0x00000286ea5adc80 JavaThread "Thread-10"                  daemon [_thread_in_native, id=15156, stack(0x000000ca2bb00000,0x000000ca2bc00000) (1024K)]
  0x00000286ea5aa800 JavaThread "Thread-11"                  daemon [_thread_in_native, id=22484, stack(0x000000ca2bc00000,0x000000ca2bd00000) (1024K)]
  0x00000286ea5ae310 JavaThread "Thread-12"                  daemon [_thread_in_native, id=23436, stack(0x000000ca2bd00000,0x000000ca2be00000) (1024K)]
  0x00000286ea5aae90 JavaThread "Thread-13"                  daemon [_thread_in_native, id=9756, stack(0x000000ca2be00000,0x000000ca2bf00000) (1024K)]
  0x00000286ea5acf60 JavaThread "Worker-6"                          [_thread_blocked, id=21944, stack(0x000000ca2bf00000,0x000000ca2c000000) (1024K)]
  0x00000286ea5afd50 JavaThread "pool-2-thread-1"                   [_thread_blocked, id=8524, stack(0x000000ca2c000000,0x000000ca2c100000) (1024K)]
  0x00000286ea5af6c0 JavaThread "WorkspaceEventsHandler"            [_thread_blocked, id=19316, stack(0x000000ca2c100000,0x000000ca2c200000) (1024K)]
  0x00000286ea5ae9a0 JavaThread "pool-1-thread-1"                   [_thread_blocked, id=11028, stack(0x000000ca2c200000,0x000000ca2c300000) (1024K)]
  0x00000286ea5af030 JavaThread "PatternSearchJob-worker-1"  daemon [_thread_blocked, id=16360, stack(0x000000ca2c300000,0x000000ca2c400000) (1024K)]
  0x00000286ea5ad5f0 JavaThread "PatternSearchJob-worker-2"  daemon [_thread_blocked, id=8304, stack(0x000000ca2c400000,0x000000ca2c500000) (1024K)]
  0x00000286eb51b740 JavaThread "PatternSearchJob-worker-3"  daemon [_thread_blocked, id=22608, stack(0x000000ca2c500000,0x000000ca2c600000) (1024K)]
  0x00000286eb518fe0 JavaThread "ProjectImportProgressReporter" daemon [_thread_blocked, id=14280, stack(0x000000ca2c600000,0x000000ca2c700000) (1024K)]
  0x00000286eb519670 JavaThread "Timer-0"                           [_thread_blocked, id=11588, stack(0x000000ca2c700000,0x000000ca2c800000) (1024K)]
=>0x00000286eb5182c0 JavaThread "Connection worker"                 [_thread_in_vm, id=14208, stack(0x000000ca2c800000,0x000000ca2c900000) (1024K)]
Total: 49

Other Threads:
  0x00000286cafca830 VMThread "VM Thread"                           [id=20956, stack(0x000000ca28d00000,0x000000ca28e00000) (1024K)]
  0x00000286cadaca00 WatcherThread "VM Periodic Task Thread"        [id=5276, stack(0x000000ca28c00000,0x000000ca28d00000) (1024K)]
  0x00000286caf4abf0 WorkerThread "GC Thread#0"                     [id=15816, stack(0x000000ca28b00000,0x000000ca28c00000) (1024K)]
  0x00000286e881dbc0 WorkerThread "GC Thread#1"                     [id=6044, stack(0x000000ca29900000,0x000000ca29a00000) (1024K)]
  0x00000286e8827410 WorkerThread "GC Thread#2"                     [id=3068, stack(0x000000ca29a00000,0x000000ca29b00000) (1024K)]
  0x00000286e88277c0 WorkerThread "GC Thread#3"                     [id=19980, stack(0x000000ca29b00000,0x000000ca29c00000) (1024K)]
  0x00000286e8098a20 WorkerThread "GC Thread#4"                     [id=18728, stack(0x000000ca29c00000,0x000000ca29d00000) (1024K)]
  0x00000286e8098dd0 WorkerThread "GC Thread#5"                     [id=17816, stack(0x000000ca29d00000,0x000000ca29e00000) (1024K)]
  0x00000286e8099180 WorkerThread "GC Thread#6"                     [id=2632, stack(0x000000ca29e00000,0x000000ca29f00000) (1024K)]
  0x00000286e893cec0 WorkerThread "GC Thread#7"                     [id=22632, stack(0x000000ca2a000000,0x000000ca2a100000) (1024K)]
  0x00000286e8f62f80 WorkerThread "GC Thread#8"                     [id=6808, stack(0x000000ca2a400000,0x000000ca2a500000) (1024K)]
  0x00000286e87289a0 WorkerThread "GC Thread#9"                     [id=12756, stack(0x000000ca2a500000,0x000000ca2a600000) (1024K)]
Total: 12

Threads with active compile tasks:
C2 CompilerThread0  17647 6693       4       java.lang.invoke.MethodType::methodType (69 bytes)
Total: 1

VM state: not at safepoint (normal execution)

VM Mutex/Monitor currently owned by a thread:  ([mutex/lock_event])
[0x00007ffb2147d4f0] Metaspace_lock - owner thread: 0x00000286eb5182c0

Heap address: 0x0000000080000000, size: 2048 MB, Compressed Oops mode: 32-bit

CDS archive(s) mapped at: [0x0000028680000000-0x0000028680ba0000-0x0000028680ba0000), size 12189696, SharedBaseAddress: 0x0000028680000000, ArchiveRelocationMode: 1.
Compressed class space mapped at: 0x0000028681000000-0x00000286c1000000, reserved size: 1073741824
Narrow klass base: 0x0000028680000000, Narrow klass shift: 0, Narrow klass range: 0x100000000

GC Precious Log:
 CardTable entry size: 512
 CPUs: 12 total, 12 available
 Memory: 7863M
 Large Page Support: Disabled
 NUMA Support: Disabled
 Compressed Oops: Enabled (32-bit)
 Alignments: Space 512K, Generation 512K, Heap 2M
 Heap Min Capacity: 100M
 Heap Initial Capacity: 100M
 Heap Max Capacity: 2G
 Pre-touch: Disabled
 Parallel Workers: 10

Heap:
 PSYoungGen      total 16896K, used 7247K [0x00000000d5580000, 0x00000000d6980000, 0x0000000100000000)
  eden space 13312K, 49% used [0x00000000d5580000,0x00000000d5be7c10,0x00000000d6280000)
  from space 3584K, 19% used [0x00000000d6280000,0x00000000d632c010,0x00000000d6600000)
  to   space 2048K, 0% used [0x00000000d6780000,0x00000000d6780000,0x00000000d6980000)
 ParOldGen       total 68608K, used 39535K [0x0000000080000000, 0x0000000084300000, 0x00000000d5580000)
  object space 68608K, 57% used [0x0000000080000000,0x000000008269bc48,0x0000000084300000)
 Metaspace       used 53211K, committed 54464K, reserved 1114112K
  class space    used 6213K, committed 6784K, reserved 1048576K

Card table byte_map: [0x00000286ca8c0000,0x00000286cacd0000] _byte_map_base: 0x00000286ca4c0000

Marking Bits: (ParMarkBitMap*) 0x00007ffb21484460
 Begin Bits: [0x00000286dd3d0000, 0x00000286df3d0000)
 End Bits:   [0x00000286df3d0000, 0x00000286e13d0000)

Polling page: 0x00000286c8d20000

Metaspace:

Usage:
  Non-class:     45.90 MB used.
      Class:      6.07 MB used.
       Both:     51.96 MB used.

Virtual space:
  Non-class space:       64.00 MB reserved,      46.56 MB ( 73%) committed,  1 nodes.
      Class space:        1.00 GB reserved,       6.62 MB ( <1%) committed,  1 nodes.
             Both:        1.06 GB reserved,      53.19 MB (  5%) committed. 

Chunk freelists:
   Non-Class:  1.23 MB
       Class:  9.34 MB
        Both:  10.58 MB

MaxMetaspaceSize: unlimited
CompressedClassSpaceSize: 1.00 GB
Initial GC threshold: 21.00 MB
Current GC threshold: 58.38 MB
CDS: on
 - commit_granule_bytes: 65536.
 - commit_granule_words: 8192.
 - virtual_space_node_default_size: 8388608.
 - enlarge_chunks_in_place: 1.
 - use_allocation_guard: 0.


Internal statistics:

num_allocs_failed_limit: 6.
num_arena_births: 964.
num_arena_deaths: 26.
num_vsnodes_births: 2.
num_vsnodes_deaths: 0.
num_space_committed: 851.
num_space_uncommitted: 0.
num_chunks_returned_to_freelist: 37.
num_chunks_taken_from_freelist: 3255.
num_chunk_merges: 10.
num_chunk_splits: 2103.
num_chunks_enlarged: 1333.
num_inconsistent_stats: 0.

CodeHeap 'non-profiled nmethods': size=120000Kb used=3078Kb max_used=3078Kb free=116921Kb
 bounds [0x00000286d5bf0000, 0x00000286d5f00000, 0x00000286dd120000]
CodeHeap 'profiled nmethods': size=120000Kb used=12288Kb max_used=12288Kb free=107711Kb
 bounds [0x00000286ce120000, 0x00000286ced30000, 0x00000286d5650000]
CodeHeap 'non-nmethods': size=5760Kb used=1374Kb max_used=1426Kb free=4385Kb
 bounds [0x00000286d5650000, 0x00000286d58c0000, 0x00000286d5bf0000]
CodeCache: size=245760Kb, used=16740Kb, max_used=16792Kb, free=229017Kb
 total_blobs=6873, nmethods=6198, adapters=581, full_count=0
Compilation: enabled, stopped_count=0, restarted_count=0

Compilation events (20 events):
Event: 17.550 Thread 0x00000286e2c54fc0 6722       3       java.lang.invoke.LambdaFormEditor::buffer (12 bytes)
Event: 17.550 Thread 0x00000286e2c54fc0 nmethod 6722 0x00000286ced1a010 code [0x00000286ced1a1c0, 0x00000286ced1a378]
Event: 17.550 Thread 0x00000286e2c54fc0 6723   !   3       java.lang.invoke.LambdaFormEditor::putInCache (523 bytes)
Event: 17.552 Thread 0x00000286e2c54fc0 nmethod 6723 0x00000286ced1a410 code [0x00000286ced1a860, 0x00000286ced1d0b8]
Event: 17.553 Thread 0x00000286e2c51ee0 nmethod 6715 0x00000286d5eefc90 code [0x00000286d5eefe40, 0x00000286d5ef0080]
Event: 17.553 Thread 0x00000286e2c51ee0 6699       4       jdk.internal.org.objectweb.asm.SymbolTable::addType (81 bytes)
Event: 17.566 Thread 0x00000286e2c51ee0 nmethod 6699 0x00000286d5ef0290 code [0x00000286d5ef04a0, 0x00000286d5ef10a0]
Event: 17.567 Thread 0x00000286e2c51ee0 6714       4       java.lang.invoke.MethodHandle::intrinsicName (4 bytes)
Event: 17.567 Thread 0x00000286e2c51ee0 nmethod 6714 0x00000286d5ef1610 code [0x00000286d5ef17a0, 0x00000286d5ef1830]
Event: 17.567 Thread 0x00000286e2c51ee0 6693       4       java.lang.invoke.MethodType::methodType (69 bytes)
Event: 17.580 Thread 0x00000286e2c54fc0 6724       3       jdk.internal.reflect.ConstructorAccessorImpl::<init> (5 bytes)
Event: 17.581 Thread 0x00000286e2c54fc0 nmethod 6724 0x00000286ced1e110 code [0x00000286ced1e2c0, 0x00000286ced1e488]
Event: 17.587 Thread 0x00000286e2c54fc0 6725       3       java.lang.invoke.MethodHandles$Lookup::getDirectMethodNoSecurityManager (18 bytes)
Event: 17.587 Thread 0x00000286e2c54fc0 nmethod 6725 0x00000286ced1e590 code [0x00000286ced1e740, 0x00000286ced1e890]
Event: 17.588 Thread 0x00000286e2c54fc0 6726       3       java.util.Collections$UnmodifiableMap$UnmodifiableEntrySet$1::hasNext (10 bytes)
Event: 17.588 Thread 0x00000286e2c54fc0 nmethod 6726 0x00000286ced1e990 code [0x00000286ced1eb40, 0x00000286ced1ed18]
Event: 17.588 Thread 0x00000286e2c54fc0 6727       3       java.util.Collections$UnmodifiableMap$UnmodifiableEntrySet$1::next (5 bytes)
Event: 17.589 Thread 0x00000286e2c54fc0 nmethod 6727 0x00000286ced1ee10 code [0x00000286ced1f020, 0x00000286ced1f720]
Event: 17.589 Thread 0x00000286e2c54fc0 6728       3       java.util.Collections$UnmodifiableMap$UnmodifiableEntrySet$1::next (20 bytes)
Event: 17.589 Thread 0x00000286e2c54fc0 nmethod 6728 0x00000286ced1f910 code [0x00000286ced1fb00, 0x00000286ced20190]

GC Heap History (20 events):
Event: 15.102 GC heap before
{Heap before GC invocations=22 (full 2):
 PSYoungGen      total 23040K, used 22944K [0x00000000d5580000, 0x00000000d6e00000, 0x0000000100000000)
  eden space 22016K, 100% used [0x00000000d5580000,0x00000000d6b00000,0x00000000d6b00000)
  from space 1024K, 90% used [0x00000000d6b80000,0x00000000d6c68000,0x00000000d6c80000)
  to   space 1536K, 0% used [0x00000000d6c80000,0x00000000d6c80000,0x00000000d6e00000)
 ParOldGen       total 68608K, used 23972K [0x0000000080000000, 0x0000000084300000, 0x00000000d5580000)
  object space 68608K, 34% used [0x0000000080000000,0x0000000081769190,0x0000000084300000)
 Metaspace       used 46735K, committed 47936K, reserved 1114112K
  class space    used 5118K, committed 5632K, reserved 1048576K
}
Event: 15.103 GC heap after
{Heap after GC invocations=22 (full 2):
 PSYoungGen      total 22528K, used 320K [0x00000000d5580000, 0x00000000d6d00000, 0x0000000100000000)
  eden space 22016K, 0% used [0x00000000d5580000,0x00000000d5580000,0x00000000d6b00000)
  from space 512K, 62% used [0x00000000d6c80000,0x00000000d6cd0000,0x00000000d6d00000)
  to   space 1024K, 0% used [0x00000000d6b00000,0x00000000d6b00000,0x00000000d6c00000)
 ParOldGen       total 68608K, used 24758K [0x0000000080000000, 0x0000000084300000, 0x00000000d5580000)
  object space 68608K, 36% used [0x0000000080000000,0x000000008182d978,0x0000000084300000)
 Metaspace       used 46735K, committed 47936K, reserved 1114112K
  class space    used 5118K, committed 5632K, reserved 1048576K
}
Event: 15.728 GC heap before
{Heap before GC invocations=23 (full 2):
 PSYoungGen      total 22528K, used 22336K [0x00000000d5580000, 0x00000000d6d00000, 0x0000000100000000)
  eden space 22016K, 100% used [0x00000000d5580000,0x00000000d6b00000,0x00000000d6b00000)
  from space 512K, 62% used [0x00000000d6c80000,0x00000000d6cd0000,0x00000000d6d00000)
  to   space 1024K, 0% used [0x00000000d6b00000,0x00000000d6b00000,0x00000000d6c00000)
 ParOldGen       total 68608K, used 24758K [0x0000000080000000, 0x0000000084300000, 0x00000000d5580000)
  object space 68608K, 36% used [0x0000000080000000,0x000000008182d978,0x0000000084300000)
 Metaspace       used 47614K, committed 48768K, reserved 1114112K
  class space    used 5266K, committed 5760K, reserved 1048576K
}
Event: 15.729 GC heap after
{Heap after GC invocations=23 (full 2):
 PSYoungGen      total 23040K, used 384K [0x00000000d5580000, 0x00000000d6d00000, 0x0000000100000000)
  eden space 22016K, 0% used [0x00000000d5580000,0x00000000d5580000,0x00000000d6b00000)
  from space 1024K, 37% used [0x00000000d6b00000,0x00000000d6b60000,0x00000000d6c00000)
  to   space 512K, 0% used [0x00000000d6c80000,0x00000000d6c80000,0x00000000d6d00000)
 ParOldGen       total 68608K, used 24822K [0x0000000080000000, 0x0000000084300000, 0x00000000d5580000)
  object space 68608K, 36% used [0x0000000080000000,0x000000008183d978,0x0000000084300000)
 Metaspace       used 47614K, committed 48768K, reserved 1114112K
  class space    used 5266K, committed 5760K, reserved 1048576K
}
Event: 16.097 GC heap before
{Heap before GC invocations=24 (full 2):
 PSYoungGen      total 23040K, used 22400K [0x00000000d5580000, 0x00000000d6d00000, 0x0000000100000000)
  eden space 22016K, 100% used [0x00000000d5580000,0x00000000d6b00000,0x00000000d6b00000)
  from space 1024K, 37% used [0x00000000d6b00000,0x00000000d6b60000,0x00000000d6c00000)
  to   space 512K, 0% used [0x00000000d6c80000,0x00000000d6c80000,0x00000000d6d00000)
 ParOldGen       total 68608K, used 24822K [0x0000000080000000, 0x0000000084300000, 0x00000000d5580000)
  object space 68608K, 36% used [0x0000000080000000,0x000000008183d978,0x0000000084300000)
 Metaspace       used 48974K, committed 50176K, reserved 1114112K
  class space    used 5490K, committed 6016K, reserved 1048576K
}
Event: 16.101 GC heap after
{Heap after GC invocations=24 (full 2):
 PSYoungGen      total 13824K, used 503K [0x00000000d5580000, 0x00000000d7f00000, 0x0000000100000000)
  eden space 13312K, 0% used [0x00000000d5580000,0x00000000d5580000,0x00000000d6280000)
  from space 512K, 98% used [0x00000000d6c80000,0x00000000d6cfdee8,0x00000000d6d00000)
  to   space 10240K, 0% used [0x00000000d6280000,0x00000000d6280000,0x00000000d6c80000)
 ParOldGen       total 68608K, used 33024K [0x0000000080000000, 0x0000000084300000, 0x00000000d5580000)
  object space 68608K, 48% used [0x0000000080000000,0x0000000082040360,0x0000000084300000)
 Metaspace       used 48974K, committed 50176K, reserved 1114112K
  class space    used 5490K, committed 6016K, reserved 1048576K
}
Event: 16.376 GC heap before
{Heap before GC invocations=25 (full 2):
 PSYoungGen      total 13824K, used 13815K [0x00000000d5580000, 0x00000000d7f00000, 0x0000000100000000)
  eden space 13312K, 100% used [0x00000000d5580000,0x00000000d6280000,0x00000000d6280000)
  from space 512K, 98% used [0x00000000d6c80000,0x00000000d6cfdee8,0x00000000d6d00000)
  to   space 10240K, 0% used [0x00000000d6280000,0x00000000d6280000,0x00000000d6c80000)
 ParOldGen       total 68608K, used 33024K [0x0000000080000000, 0x0000000084300000, 0x00000000d5580000)
  object space 68608K, 48% used [0x0000000080000000,0x0000000082040360,0x0000000084300000)
 Metaspace       used 50206K, committed 51392K, reserved 1114112K
  class space    used 5715K, committed 6208K, reserved 1048576K
}
Event: 16.378 GC heap after
{Heap after GC invocations=25 (full 2):
 PSYoungGen      total 14336K, used 608K [0x00000000d5580000, 0x00000000d6d00000, 0x0000000100000000)
  eden space 13312K, 0% used [0x00000000d5580000,0x00000000d5580000,0x00000000d6280000)
  from space 1024K, 59% used [0x00000000d6280000,0x00000000d6318000,0x00000000d6380000)
  to   space 3584K, 0% used [0x00000000d6980000,0x00000000d6980000,0x00000000d6d00000)
 ParOldGen       total 68608K, used 33556K [0x0000000080000000, 0x0000000084300000, 0x00000000d5580000)
  object space 68608K, 48% used [0x0000000080000000,0x00000000820c5340,0x0000000084300000)
 Metaspace       used 50206K, committed 51392K, reserved 1114112K
  class space    used 5715K, committed 6208K, reserved 1048576K
}
Event: 16.631 GC heap before
{Heap before GC invocations=26 (full 2):
 PSYoungGen      total 14336K, used 13920K [0x00000000d5580000, 0x00000000d6d00000, 0x0000000100000000)
  eden space 13312K, 100% used [0x00000000d5580000,0x00000000d6280000,0x00000000d6280000)
  from space 1024K, 59% used [0x00000000d6280000,0x00000000d6318000,0x00000000d6380000)
  to   space 3584K, 0% used [0x00000000d6980000,0x00000000d6980000,0x00000000d6d00000)
 ParOldGen       total 68608K, used 33556K [0x0000000080000000, 0x0000000084300000, 0x00000000d5580000)
  object space 68608K, 48% used [0x0000000080000000,0x00000000820c5340,0x0000000084300000)
 Metaspace       used 50874K, committed 52032K, reserved 1114112K
  class space    used 5809K, committed 6336K, reserved 1048576K
}
Event: 16.633 GC heap after
{Heap after GC invocations=26 (full 2):
 PSYoungGen      total 14336K, used 608K [0x00000000d5580000, 0x00000000d6a80000, 0x0000000100000000)
  eden space 13312K, 0% used [0x00000000d5580000,0x00000000d5580000,0x00000000d6280000)
  from space 1024K, 59% used [0x00000000d6980000,0x00000000d6a18000,0x00000000d6a80000)
  to   space 1536K, 0% used [0x00000000d6780000,0x00000000d6780000,0x00000000d6900000)
 ParOldGen       total 68608K, used 33940K [0x0000000080000000, 0x0000000084300000, 0x00000000d5580000)
  object space 68608K, 49% used [0x0000000080000000,0x0000000082125350,0x0000000084300000)
 Metaspace       used 50874K, committed 52032K, reserved 1114112K
  class space    used 5809K, committed 6336K, reserved 1048576K
}
Event: 16.828 GC heap before
{Heap before GC invocations=27 (full 2):
 PSYoungGen      total 14336K, used 13920K [0x00000000d5580000, 0x00000000d6a80000, 0x0000000100000000)
  eden space 13312K, 100% used [0x00000000d5580000,0x00000000d6280000,0x00000000d6280000)
  from space 1024K, 59% used [0x00000000d6980000,0x00000000d6a18000,0x00000000d6a80000)
  to   space 1536K, 0% used [0x00000000d6780000,0x00000000d6780000,0x00000000d6900000)
 ParOldGen       total 68608K, used 33940K [0x0000000080000000, 0x0000000084300000, 0x00000000d5580000)
  object space 68608K, 49% used [0x0000000080000000,0x0000000082125350,0x0000000084300000)
 Metaspace       used 50904K, committed 52160K, reserved 1114112K
  class space    used 5810K, committed 6336K, reserved 1048576K
}
Event: 16.829 GC heap after
{Heap after GC invocations=27 (full 2):
 PSYoungGen      total 14848K, used 480K [0x00000000d5580000, 0x00000000d6a00000, 0x0000000100000000)
  eden space 13312K, 0% used [0x00000000d5580000,0x00000000d5580000,0x00000000d6280000)
  from space 1536K, 31% used [0x00000000d6780000,0x00000000d67f8000,0x00000000d6900000)
  to   space 1024K, 0% used [0x00000000d6900000,0x00000000d6900000,0x00000000d6a00000)
 ParOldGen       total 68608K, used 34423K [0x0000000080000000, 0x0000000084300000, 0x00000000d5580000)
  object space 68608K, 50% used [0x0000000080000000,0x000000008219dd10,0x0000000084300000)
 Metaspace       used 50904K, committed 52160K, reserved 1114112K
  class space    used 5810K, committed 6336K, reserved 1048576K
}
Event: 17.045 GC heap before
{Heap before GC invocations=28 (full 2):
 PSYoungGen      total 14848K, used 13792K [0x00000000d5580000, 0x00000000d6a00000, 0x0000000100000000)
  eden space 13312K, 100% used [0x00000000d5580000,0x00000000d6280000,0x00000000d6280000)
  from space 1536K, 31% used [0x00000000d6780000,0x00000000d67f8000,0x00000000d6900000)
  to   space 1024K, 0% used [0x00000000d6900000,0x00000000d6900000,0x00000000d6a00000)
 ParOldGen       total 68608K, used 34423K [0x0000000080000000, 0x0000000084300000, 0x00000000d5580000)
  object space 68608K, 50% used [0x0000000080000000,0x000000008219dd10,0x0000000084300000)
 Metaspace       used 50909K, committed 52160K, reserved 1114112K
  class space    used 5810K, committed 6336K, reserved 1048576K
}
Event: 17.046 GC heap after
{Heap after GC invocations=28 (full 2):
 PSYoungGen      total 14336K, used 544K [0x00000000d5580000, 0x00000000d6a00000, 0x0000000100000000)
  eden space 13312K, 0% used [0x00000000d5580000,0x00000000d5580000,0x00000000d6280000)
  from space 1024K, 53% used [0x00000000d6900000,0x00000000d6988000,0x00000000d6a00000)
  to   space 1024K, 0% used [0x00000000d6800000,0x00000000d6800000,0x00000000d6900000)
 ParOldGen       total 68608K, used 34791K [0x0000000080000000, 0x0000000084300000, 0x00000000d5580000)
  object space 68608K, 50% used [0x0000000080000000,0x00000000821f9d10,0x0000000084300000)
 Metaspace       used 50909K, committed 52160K, reserved 1114112K
  class space    used 5810K, committed 6336K, reserved 1048576K
}
Event: 17.197 GC heap before
{Heap before GC invocations=29 (full 2):
 PSYoungGen      total 14336K, used 13856K [0x00000000d5580000, 0x00000000d6a00000, 0x0000000100000000)
  eden space 13312K, 100% used [0x00000000d5580000,0x00000000d6280000,0x00000000d6280000)
  from space 1024K, 53% used [0x00000000d6900000,0x00000000d6988000,0x00000000d6a00000)
  to   space 1024K, 0% used [0x00000000d6800000,0x00000000d6800000,0x00000000d6900000)
 ParOldGen       total 68608K, used 34791K [0x0000000080000000, 0x0000000084300000, 0x00000000d5580000)
  object space 68608K, 50% used [0x0000000080000000,0x00000000821f9d10,0x0000000084300000)
 Metaspace       used 50917K, committed 52160K, reserved 1114112K
  class space    used 5810K, committed 6336K, reserved 1048576K
}
Event: 17.198 GC heap after
{Heap after GC invocations=29 (full 2):
 PSYoungGen      total 14336K, used 1005K [0x00000000d5580000, 0x00000000d6980000, 0x0000000100000000)
  eden space 13312K, 0% used [0x00000000d5580000,0x00000000d5580000,0x00000000d6280000)
  from space 1024K, 98% used [0x00000000d6800000,0x00000000d68fb680,0x00000000d6900000)
  to   space 512K, 0% used [0x00000000d6900000,0x00000000d6900000,0x00000000d6980000)
 ParOldGen       total 68608K, used 36444K [0x0000000080000000, 0x0000000084300000, 0x00000000d5580000)
  object space 68608K, 53% used [0x0000000080000000,0x0000000082397218,0x0000000084300000)
 Metaspace       used 50917K, committed 52160K, reserved 1114112K
  class space    used 5810K, committed 6336K, reserved 1048576K
}
Event: 17.309 GC heap before
{Heap before GC invocations=30 (full 2):
 PSYoungGen      total 14336K, used 14317K [0x00000000d5580000, 0x00000000d6980000, 0x0000000100000000)
  eden space 13312K, 100% used [0x00000000d5580000,0x00000000d6280000,0x00000000d6280000)
  from space 1024K, 98% used [0x00000000d6800000,0x00000000d68fb680,0x00000000d6900000)
  to   space 512K, 0% used [0x00000000d6900000,0x00000000d6900000,0x00000000d6980000)
 ParOldGen       total 68608K, used 36444K [0x0000000080000000, 0x0000000084300000, 0x00000000d5580000)
  object space 68608K, 53% used [0x0000000080000000,0x0000000082397218,0x0000000084300000)
 Metaspace       used 51172K, committed 52416K, reserved 1114112K
  class space    used 5867K, committed 6400K, reserved 1048576K
}
Event: 17.311 GC heap after
{Heap after GC invocations=30 (full 2):
 PSYoungGen      total 13824K, used 510K [0x00000000d5580000, 0x00000000d6980000, 0x0000000100000000)
  eden space 13312K, 0% used [0x00000000d5580000,0x00000000d5580000,0x00000000d6280000)
  from space 512K, 99% used [0x00000000d6900000,0x00000000d697f990,0x00000000d6980000)
  to   space 3584K, 0% used [0x00000000d6280000,0x00000000d6280000,0x00000000d6600000)
 ParOldGen       total 68608K, used 39001K [0x0000000080000000, 0x0000000084300000, 0x00000000d5580000)
  object space 68608K, 56% used [0x0000000080000000,0x00000000826166e0,0x0000000084300000)
 Metaspace       used 51172K, committed 52416K, reserved 1114112K
  class space    used 5867K, committed 6400K, reserved 1048576K
}
Event: 17.518 GC heap before
{Heap before GC invocations=31 (full 2):
 PSYoungGen      total 13824K, used 13822K [0x00000000d5580000, 0x00000000d6980000, 0x0000000100000000)
  eden space 13312K, 100% used [0x00000000d5580000,0x00000000d6280000,0x00000000d6280000)
  from space 512K, 99% used [0x00000000d6900000,0x00000000d697f990,0x00000000d6980000)
  to   space 3584K, 0% used [0x00000000d6280000,0x00000000d6280000,0x00000000d6600000)
 ParOldGen       total 68608K, used 39001K [0x0000000080000000, 0x0000000084300000, 0x00000000d5580000)
  object space 68608K, 56% used [0x0000000080000000,0x00000000826166e0,0x0000000084300000)
 Metaspace       used 52318K, committed 53504K, reserved 1114112K
  class space    used 6080K, committed 6592K, reserved 1048576K
}
Event: 17.519 GC heap after
{Heap after GC invocations=31 (full 2):
 PSYoungGen      total 16896K, used 688K [0x00000000d5580000, 0x00000000d6980000, 0x0000000100000000)
  eden space 13312K, 0% used [0x00000000d5580000,0x00000000d5580000,0x00000000d6280000)
  from space 3584K, 19% used [0x00000000d6280000,0x00000000d632c010,0x00000000d6600000)
  to   space 2048K, 0% used [0x00000000d6780000,0x00000000d6780000,0x00000000d6980000)
 ParOldGen       total 68608K, used 39535K [0x0000000080000000, 0x0000000084300000, 0x00000000d5580000)
  object space 68608K, 57% used [0x0000000080000000,0x000000008269bc48,0x0000000084300000)
 Metaspace       used 52318K, committed 53504K, reserved 1114112K
  class space    used 6080K, committed 6592K, reserved 1048576K
}

Dll operation events (13 events):
Event: 0.026 Loaded shared library c:\Users\pppah\.vscode\extensions\redhat.java-1.55.0-win32-x64\jre\21.0.11-win32-x86_64\bin\java.dll
Event: 0.068 Loaded shared library c:\Users\pppah\.vscode\extensions\redhat.java-1.55.0-win32-x64\jre\21.0.11-win32-x86_64\bin\zip.dll
Event: 0.180 Loaded shared library C:\Users\pppah\.vscode\extensions\redhat.java-1.55.0-win32-x64\jre\21.0.11-win32-x86_64\bin\instrument.dll
Event: 0.187 Loaded shared library C:\Users\pppah\.vscode\extensions\redhat.java-1.55.0-win32-x64\jre\21.0.11-win32-x86_64\bin\net.dll
Event: 0.191 Loaded shared library C:\Users\pppah\.vscode\extensions\redhat.java-1.55.0-win32-x64\jre\21.0.11-win32-x86_64\bin\nio.dll
Event: 0.195 Loaded shared library C:\Users\pppah\.vscode\extensions\redhat.java-1.55.0-win32-x64\jre\21.0.11-win32-x86_64\bin\zip.dll
Event: 0.231 Loaded shared library C:\Users\pppah\.vscode\extensions\redhat.java-1.55.0-win32-x64\jre\21.0.11-win32-x86_64\bin\jimage.dll
Event: 0.359 Loaded shared library c:\Users\pppah\.vscode\extensions\redhat.java-1.55.0-win32-x64\jre\21.0.11-win32-x86_64\bin\verify.dll
Event: 1.865 Loaded shared library C:\Users\pppah\AppData\Roaming\Code\User\globalStorage\redhat.java\1.55.0\config_win\org.eclipse.equinox.launcher\org.eclipse.equinox.launcher.win32.win32.x86_64_1.3.100.v20260613-0559\eclipse_11924.dll
Event: 5.420 Loaded shared library C:\Users\pppah\AppData\Local\Temp\jna-106881687\jna12326843688147985425.dll
Event: 16.302 Loaded shared library C:\Users\pppah\.gradle\native\c067742578af261105cb4f569cf0c3c89f3d7b1fecec35dd04571415982c5e48\windows-amd64\native-platform.dll
Event: 17.577 Loaded shared library C:\Users\pppah\.vscode\extensions\redhat.java-1.55.0-win32-x64\jre\21.0.11-win32-x86_64\bin\management.dll
Event: 17.580 Loaded shared library C:\Users\pppah\.vscode\extensions\redhat.java-1.55.0-win32-x64\jre\21.0.11-win32-x86_64\bin\management_ext.dll

Deoptimization events (20 events):
Event: 17.217 Thread 0x00000286eb5182c0 DEOPT PACKING pc=0x00000286ce820d7b sp=0x000000ca2c8fd040
Event: 17.217 Thread 0x00000286eb5182c0 DEOPT UNPACKING pc=0x00000286d56a4242 sp=0x000000ca2c8fc4b0 mode 0
Event: 17.219 Thread 0x00000286eb5182c0 DEOPT PACKING pc=0x00000286ce66adb9 sp=0x000000ca2c8fcc10
Event: 17.219 Thread 0x00000286eb5182c0 DEOPT UNPACKING pc=0x00000286d56a4242 sp=0x000000ca2c8fc110 mode 0
Event: 17.279 Thread 0x00000286eb5182c0 DEOPT PACKING pc=0x00000286ce32899b sp=0x000000ca2c8fd6f0
Event: 17.279 Thread 0x00000286eb5182c0 DEOPT UNPACKING pc=0x00000286d56a4242 sp=0x000000ca2c8fcbf8 mode 0
Event: 17.341 Thread 0x00000286eb5182c0 DEOPT PACKING pc=0x00000286ceabcdd6 sp=0x000000ca2c8f9950
Event: 17.341 Thread 0x00000286eb5182c0 DEOPT UNPACKING pc=0x00000286d56a4242 sp=0x000000ca2c8f8e60 mode 0
Event: 17.516 Thread 0x00000286eb5182c0 Uncommon trap: trap_request=0xffffff45 fr.pc=0x00000286d5dede88 relative=0x00000000000056a8
Event: 17.516 Thread 0x00000286eb5182c0 Uncommon trap: reason=unstable_if action=reinterpret pc=0x00000286d5dede88 method=java.lang.invoke.MethodType.genericMethodType(IZ)Ljava/lang/invoke/MethodType; @ 27 c2
Event: 17.516 Thread 0x00000286eb5182c0 DEOPT PACKING pc=0x00000286d5dede88 sp=0x000000ca2c8fc5e0
Event: 17.516 Thread 0x00000286eb5182c0 DEOPT UNPACKING pc=0x00000286d56a3aa2 sp=0x000000ca2c8fc3f0 mode 2
Event: 17.521 Thread 0x00000286eb5182c0 DEOPT PACKING pc=0x00000286ce418c02 sp=0x000000ca2c8fb770
Event: 17.521 Thread 0x00000286eb5182c0 DEOPT UNPACKING pc=0x00000286d56a4242 sp=0x000000ca2c8fabf8 mode 0
Event: 17.532 Thread 0x00000286eb5182c0 DEOPT PACKING pc=0x00000286ce2f37bd sp=0x000000ca2c8f8ed0
Event: 17.532 Thread 0x00000286eb5182c0 DEOPT UNPACKING pc=0x00000286d56a4242 sp=0x000000ca2c8f83d8 mode 0
Event: 17.585 Thread 0x00000286eb5182c0 Uncommon trap: trap_request=0xffffff45 fr.pc=0x00000286d5db3744 relative=0x0000000000000604
Event: 17.585 Thread 0x00000286eb5182c0 Uncommon trap: reason=unstable_if action=reinterpret pc=0x00000286d5db3744 method=java.util.HashMap.putVal(ILjava/lang/Object;Ljava/lang/Object;ZZ)Ljava/lang/Object; @ 236 c2
Event: 17.585 Thread 0x00000286eb5182c0 DEOPT PACKING pc=0x00000286d5db3744 sp=0x000000ca2c8fcaf0
Event: 17.585 Thread 0x00000286eb5182c0 DEOPT UNPACKING pc=0x00000286d56a3aa2 sp=0x000000ca2c8fca68 mode 2

Classes loaded (20 events):
Event: 17.584 Loading class sun/management/ManagementFactoryHelper$LoggingMXBeanAccess$1
Event: 17.584 Loading class sun/management/ManagementFactoryHelper$LoggingMXBeanAccess$1 done
Event: 17.584 Loading class java/lang/management/DefaultPlatformMBeanProvider$9
Event: 17.584 Loading class java/lang/management/DefaultPlatformMBeanProvider$9 done
Event: 17.584 Loading class java/lang/management/DefaultPlatformMBeanProvider$10
Event: 17.584 Loading class java/lang/management/DefaultPlatformMBeanProvider$10 done
Event: 17.584 Loading class java/lang/management/DefaultPlatformMBeanProvider$11
Event: 17.584 Loading class java/lang/management/DefaultPlatformMBeanProvider$11 done
Event: 17.584 Loading class jdk/management/jfr/FlightRecorderMXBean
Event: 17.584 Loading class jdk/management/jfr/FlightRecorderMXBean done
Event: 17.585 Loading class jdk/management/jfr/internal/FlightRecorderMXBeanProvider$SingleMBeanComponent
Event: 17.585 Loading class jdk/management/jfr/internal/FlightRecorderMXBeanProvider$SingleMBeanComponent done
Event: 17.586 Loading class sun/management/RuntimeImpl
Event: 17.586 Loading class sun/management/RuntimeImpl done
Event: 17.586 Loading class java/util/Collections$2
Event: 17.586 Loading class java/util/Collections$2 done
Event: 17.587 Loading class sun/management/Util
Event: 17.587 Loading class sun/management/Util done
Event: 17.587 Loading class java/lang/management/ManagementPermission
Event: 17.587 Loading class java/lang/management/ManagementPermission done

Classes unloaded (13 events):
Event: 6.160 Thread 0x00000286cafca830 Unloading class 0x00000286811ab000 'java/lang/invoke/LambdaForm$MH+0x00000286811ab000'
Event: 6.160 Thread 0x00000286cafca830 Unloading class 0x00000286811aac00 'java/lang/invoke/LambdaForm$MH+0x00000286811aac00'
Event: 6.160 Thread 0x00000286cafca830 Unloading class 0x00000286811aa800 'java/lang/invoke/LambdaForm$MH+0x00000286811aa800'
Event: 6.160 Thread 0x00000286cafca830 Unloading class 0x00000286811aa400 'java/lang/invoke/LambdaForm$MH+0x00000286811aa400'
Event: 6.160 Thread 0x00000286cafca830 Unloading class 0x00000286811aa000 'java/lang/invoke/LambdaForm$BMH+0x00000286811aa000'
Event: 6.160 Thread 0x00000286cafca830 Unloading class 0x00000286811a9c00 'java/lang/invoke/LambdaForm$DMH+0x00000286811a9c00'
Event: 6.160 Thread 0x00000286cafca830 Unloading class 0x00000286811a8c00 'java/lang/invoke/LambdaForm$DMH+0x00000286811a8c00'
Event: 7.563 Thread 0x00000286cafca830 Unloading class 0x000002868134b000 'java/lang/invoke/LambdaForm$MH+0x000002868134b000'
Event: 7.563 Thread 0x00000286cafca830 Unloading class 0x0000028681349c00 'java/lang/invoke/LambdaForm$MH+0x0000028681349c00'
Event: 7.563 Thread 0x00000286cafca830 Unloading class 0x0000028681349400 'java/lang/invoke/LambdaForm$MH+0x0000028681349400'
Event: 7.563 Thread 0x00000286cafca830 Unloading class 0x0000028681348c00 'java/lang/invoke/LambdaForm$MH+0x0000028681348c00'
Event: 7.563 Thread 0x00000286cafca830 Unloading class 0x0000028681348400 'java/lang/invoke/LambdaForm$DMH+0x0000028681348400'
Event: 7.563 Thread 0x00000286cafca830 Unloading class 0x0000028681347c00 'java/lang/invoke/LambdaForm$MH+0x0000028681347c00'

Classes redefined (0 events):
No events

Internal exceptions (20 events):
Event: 15.523 Thread 0x00000286e8bbebd0 Exception <a 'sun/nio/fs/WindowsException'{0x00000000d637cc10}> (0x00000000d637cc10) 
thrown [s\src\hotspot\share\prims\jni.cpp, line 520]
Event: 15.523 Thread 0x00000286e8bbebd0 Exception <a 'sun/nio/fs/WindowsException'{0x00000000d637d150}> (0x00000000d637d150) 
thrown [s\src\hotspot\share\prims\jni.cpp, line 520]
Event: 15.523 Thread 0x00000286e8bbebd0 Exception <a 'sun/nio/fs/WindowsException'{0x00000000d637fb40}> (0x00000000d637fb40) 
thrown [s\src\hotspot\share\prims\jni.cpp, line 520]
Event: 15.523 Thread 0x00000286e8bbebd0 Exception <a 'sun/nio/fs/WindowsException'{0x00000000d6380080}> (0x00000000d6380080) 
thrown [s\src\hotspot\share\prims\jni.cpp, line 520]
Event: 15.523 Thread 0x00000286e8bbebd0 Exception <a 'sun/nio/fs/WindowsException'{0x00000000d63805c0}> (0x00000000d63805c0) 
thrown [s\src\hotspot\share\prims\jni.cpp, line 520]
Event: 15.523 Thread 0x00000286e8bbebd0 Exception <a 'sun/nio/fs/WindowsException'{0x00000000d6380b18}> (0x00000000d6380b18) 
thrown [s\src\hotspot\share\prims\jni.cpp, line 520]
Event: 15.524 Thread 0x00000286e8bbebd0 Exception <a 'sun/nio/fs/WindowsException'{0x00000000d6383b48}> (0x00000000d6383b48) 
thrown [s\src\hotspot\share\prims\jni.cpp, line 520]
Event: 15.524 Thread 0x00000286e8bbebd0 Exception <a 'sun/nio/fs/WindowsException'{0x00000000d6384040}> (0x00000000d6384040) 
thrown [s\src\hotspot\share\prims\jni.cpp, line 520]
Event: 15.524 Thread 0x00000286e8bbebd0 Exception <a 'sun/nio/fs/WindowsException'{0x00000000d6384538}> (0x00000000d6384538) 
thrown [s\src\hotspot\share\prims\jni.cpp, line 520]
Event: 15.524 Thread 0x00000286e8bbebd0 Exception <a 'sun/nio/fs/WindowsException'{0x00000000d6384a48}> (0x00000000d6384a48) 
thrown [s\src\hotspot\share\prims\jni.cpp, line 520]
Event: 15.524 Thread 0x00000286e8bbebd0 Exception <a 'sun/nio/fs/WindowsException'{0x00000000d6387c70}> (0x00000000d6387c70) 
thrown [s\src\hotspot\share\prims\jni.cpp, line 520]
Event: 15.525 Thread 0x00000286e8bbebd0 Exception <a 'sun/nio/fs/WindowsException'{0x00000000d6388170}> (0x00000000d6388170) 
thrown [s\src\hotspot\share\prims\jni.cpp, line 520]
Event: 15.525 Thread 0x00000286e8bbebd0 Exception <a 'sun/nio/fs/WindowsException'{0x00000000d6388670}> (0x00000000d6388670) 
thrown [s\src\hotspot\share\prims\jni.cpp, line 520]
Event: 15.525 Thread 0x00000286e8bbebd0 Exception <a 'sun/nio/fs/WindowsException'{0x00000000d6388b90}> (0x00000000d6388b90) 
thrown [s\src\hotspot\share\prims\jni.cpp, line 520]
Event: 15.525 Thread 0x00000286e8bbebd0 Implicit null exception at 0x00000286d5e46921 to 0x00000286d5e47770
Event: 15.695 Thread 0x00000286e8bbebd0 Exception <a 'java/lang/NoSuchMethodError'{0x00000000d6a007e0}: 'java.lang.Object java.lang.invoke.DirectMethodHandle$Holder.invokeVirtual(java.lang.Object, java.lang.Object, java.lang.Object, java.lang.Object)'> (0x00000000d6a007e0) 
thrown [s\src\hotspot\share\interpreter\linkResolver.cpp, line 773]
Event: 15.699 Thread 0x00000286e8bbebd0 Exception <a 'java/lang/NoSuchMethodError'{0x00000000d6a22cc0}: 'java.lang.Object java.lang.invoke.DirectMethodHandle$Holder.invokeVirtual(java.lang.Object, java.lang.Object, java.lang.Object, java.lang.Object, java.lang.Object)'> (0x00000000d6a22cc0) 
thrown [s\src\hotspot\share\interpreter\linkResolver.cpp, line 773]
Event: 17.444 Thread 0x00000286eb5182c0 Exception <a 'java/lang/NoSuchMethodError'{0x00000000d5d433c0}: 'java.lang.Object java.lang.invoke.DirectMethodHandle$Holder.invokeVirtual(java.lang.Object, java.lang.Object, java.lang.Object, java.lang.Object, java.lang.Object, java.lang.Object)'> (0x00000000d5d433c0) 
thrown [s\src\hotspot\share\interpreter\linkResolver.cpp, line 773]
Event: 17.514 Thread 0x00000286eb5182c0 Exception <a 'java/lang/NoSuchMethodError'{0x00000000d6242748}: 'java.lang.Object java.lang.invoke.DirectMethodHandle$Holder.invokeVirtual(java.lang.Object, java.lang.Object, java.lang.Object, java.lang.Object, java.lang.Object, java.lang.Object, java.lang.Object)'> (0x00000000d6242748) 
thrown [s\src\hotspot\share\interpreter\linkResolver.cpp, line 773]
Event: 17.544 Thread 0x00000286eb5182c0 Exception <a 'java/lang/NoClassDefFoundError'{0x00000000d57978d8}: org/slf4j/impl/StaticMarkerBinder> (0x00000000d57978d8) 
thrown [s\src\hotspot\share\classfile\systemDictionary.cpp, line 302]

ZGC Phase Switch (0 events):
No events

VM Operations (20 events):
Event: 15.893 Executing non-safepoint VM operation: HandshakeAllThreads (Deoptimize)
Event: 15.893 Executing non-safepoint VM operation: HandshakeAllThreads (Deoptimize) done
Event: 16.097 Executing safepoint VM operation: ParallelGCFailedAllocation (Allocation Failure)
Event: 16.101 Executing safepoint VM operation: ParallelGCFailedAllocation (Allocation Failure) done
Event: 16.376 Executing safepoint VM operation: ParallelGCFailedAllocation (Allocation Failure)
Event: 16.378 Executing safepoint VM operation: ParallelGCFailedAllocation (Allocation Failure) done
Event: 16.631 Executing safepoint VM operation: ParallelGCFailedAllocation (Allocation Failure)
Event: 16.633 Executing safepoint VM operation: ParallelGCFailedAllocation (Allocation Failure) done
Event: 16.828 Executing safepoint VM operation: ParallelGCFailedAllocation (Allocation Failure)
Event: 16.829 Executing safepoint VM operation: ParallelGCFailedAllocation (Allocation Failure) done
Event: 17.045 Executing safepoint VM operation: ParallelGCFailedAllocation (Allocation Failure)
Event: 17.046 Executing safepoint VM operation: ParallelGCFailedAllocation (Allocation Failure) done
Event: 17.197 Executing safepoint VM operation: ParallelGCFailedAllocation (Allocation Failure)
Event: 17.198 Executing safepoint VM operation: ParallelGCFailedAllocation (Allocation Failure) done
Event: 17.309 Executing safepoint VM operation: ParallelGCFailedAllocation (Allocation Failure)
Event: 17.311 Executing safepoint VM operation: ParallelGCFailedAllocation (Allocation Failure) done
Event: 17.429 Executing non-safepoint VM operation: HandshakeAllThreads (Deoptimize)
Event: 17.429 Executing non-safepoint VM operation: HandshakeAllThreads (Deoptimize) done
Event: 17.518 Executing safepoint VM operation: ParallelGCFailedAllocation (Allocation Failure)
Event: 17.519 Executing safepoint VM operation: ParallelGCFailedAllocation (Allocation Failure) done

Memory protections (0 events):
No events

Nmethod flushes (20 events):
Event: 7.573 Thread 0x00000286cafca830 flushing  nmethod 0x00000286ce703310
Event: 7.573 Thread 0x00000286cafca830 flushing  nmethod 0x00000286ce703e10
Event: 7.573 Thread 0x00000286cafca830 flushing  nmethod 0x00000286ce720a90
Event: 7.573 Thread 0x00000286cafca830 flushing  nmethod 0x00000286ce75b510
Event: 7.573 Thread 0x00000286cafca830 flushing  nmethod 0x00000286ce75bd90
Event: 7.573 Thread 0x00000286cafca830 flushing  nmethod 0x00000286ce75c690
Event: 7.573 Thread 0x00000286cafca830 flushing  nmethod 0x00000286ce75d890
Event: 7.573 Thread 0x00000286cafca830 flushing  nmethod 0x00000286ce75e090
Event: 7.573 Thread 0x00000286cafca830 flushing  nmethod 0x00000286ce75fd90
Event: 7.573 Thread 0x00000286cafca830 flushing  nmethod 0x00000286ce760290
Event: 7.573 Thread 0x00000286cafca830 flushing  nmethod 0x00000286ce760e10
Event: 7.573 Thread 0x00000286cafca830 flushing  nmethod 0x00000286ce761210
Event: 7.573 Thread 0x00000286cafca830 flushing  nmethod 0x00000286ce763190
Event: 7.573 Thread 0x00000286cafca830 flushing  nmethod 0x00000286ce764890
Event: 7.573 Thread 0x00000286cafca830 flushing  nmethod 0x00000286ce764d90
Event: 7.573 Thread 0x00000286cafca830 flushing  nmethod 0x00000286ce765c10
Event: 7.573 Thread 0x00000286cafca830 flushing  nmethod 0x00000286ce765f10
Event: 7.573 Thread 0x00000286cafca830 flushing  nmethod 0x00000286ce7b7d90
Event: 7.573 Thread 0x00000286cafca830 flushing  nmethod 0x00000286ce807110
Event: 7.573 Thread 0x00000286cafca830 flushing  nmethod 0x00000286ce831f10

Events (20 events):
Event: 7.380 Thread 0x00000286caf33870 Thread added: 0x00000286ea5a9450
Event: 7.380 Thread 0x00000286caf33870 Thread added: 0x00000286ea5ab520
Event: 7.381 Thread 0x00000286caf33870 Thread added: 0x00000286ea5ac240
Event: 7.381 Thread 0x00000286caf33870 Thread added: 0x00000286ea5a9ae0
Event: 7.381 Thread 0x00000286caf33870 Thread added: 0x00000286ea5adc80
Event: 7.381 Thread 0x00000286caf33870 Thread added: 0x00000286ea5aa800
Event: 7.381 Thread 0x00000286caf33870 Thread added: 0x00000286ea5ae310
Event: 7.381 Thread 0x00000286caf33870 Thread added: 0x00000286ea5aae90
Event: 7.405 Thread 0x00000286e8bbff80 Thread added: 0x00000286ea5acf60
Event: 7.435 Thread 0x00000286caf33870 Thread added: 0x00000286ea5afd50
Event: 7.700 Thread 0x00000286caf33870 Thread added: 0x00000286ea5af6c0
Event: 7.700 Thread 0x00000286caf33870 Thread added: 0x00000286ea5ae9a0
Event: 9.205 Thread 0x00000286e8bbdeb0 Thread added: 0x00000286ea5af030
Event: 9.205 Thread 0x00000286ea5af030 Thread added: 0x00000286ea5ad5f0
Event: 9.206 Thread 0x00000286ea5ad5f0 Thread added: 0x00000286eb51b740
Event: 12.350 Thread 0x00000286e8bbebd0 Thread added: 0x00000286eb518fe0
Event: 13.164 Thread 0x00000286e2c51ee0 Thread added: 0x00000286eacc2720
Event: 13.401 Thread 0x00000286eacc2720 Thread exited: 0x00000286eacc2720
Event: 15.615 Thread 0x00000286e8bbebd0 Thread added: 0x00000286eb519670
Event: 15.796 Thread 0x00000286e8bbebd0 Thread added: 0x00000286eb5182c0


Dynamic libraries:
0x00007ff7abf80000 - 0x00007ff7abf8e000 	c:\Users\pppah\.vscode\extensions\redhat.java-1.55.0-win32-x64\jre\21.0.11-win32-x86_64\bin\java.exe
0x00007ffbfd140000 - 0x00007ffbfd3a6000 	C:\WINDOWS\SYSTEM32\ntdll.dll
0x00007ffbfbac0000 - 0x00007ffbfbb89000 	C:\WINDOWS\System32\KERNEL32.DLL
0x00007ffbfa6b0000 - 0x00007ffbfaaaf000 	C:\WINDOWS\System32\KERNELBASE.dll
0x00007ffbf6120000 - 0x00007ffbf61bf000 	C:\WINDOWS\SYSTEM32\apphelp.dll
0x00007ffbfad10000 - 0x00007ffbfae5c000 	C:\WINDOWS\System32\ucrtbase.dll
0x00007ffbc4fe0000 - 0x00007ffbc4ff8000 	c:\Users\pppah\.vscode\extensions\redhat.java-1.55.0-win32-x64\jre\21.0.11-win32-x86_64\bin\jli.dll
0x00007ffbcb2f0000 - 0x00007ffbcb30e000 	c:\Users\pppah\.vscode\extensions\redhat.java-1.55.0-win32-x64\jre\21.0.11-win32-x86_64\bin\VCRUNTIME140.dll
0x00007ffbfbe20000 - 0x00007ffbfbfe6000 	C:\WINDOWS\System32\USER32.dll
0x00007ffbface0000 - 0x00007ffbfad07000 	C:\WINDOWS\System32\win32u.dll
0x00007ffbd2ce0000 - 0x00007ffbd2f71000 	C:\WINDOWS\WinSxS\amd64_microsoft.windows.common-controls_6595b64144ccf1df_6.0.26100.8972_none_3e0da176e32f9d4b\COMCTL32.dll
0x00007ffbfccb0000 - 0x00007ffbfccdb000 	C:\WINDOWS\System32\GDI32.dll
0x00007ffbfbb90000 - 0x00007ffbfbc39000 	C:\WINDOWS\System32\msvcrt.dll
0x00007ffbfa350000 - 0x00007ffbfa479000 	C:\WINDOWS\System32\gdi32full.dll
0x00007ffbfa480000 - 0x00007ffbfa523000 	C:\WINDOWS\System32\msvcp_win.dll
0x00007ffbfc160000 - 0x00007ffbfc192000 	C:\WINDOWS\System32\IMM32.DLL
0x00007ffbf4ed0000 - 0x00007ffbf4edc000 	c:\Users\pppah\.vscode\extensions\redhat.java-1.55.0-win32-x64\jre\21.0.11-win32-x86_64\bin\vcruntime140_1.dll
0x00007ffb80680000 - 0x00007ffb8070d000 	c:\Users\pppah\.vscode\extensions\redhat.java-1.55.0-win32-x64\jre\21.0.11-win32-x86_64\bin\msvcp140.dll
0x00007ffb207c0000 - 0x00007ffb21562000 	c:\Users\pppah\.vscode\extensions\redhat.java-1.55.0-win32-x64\jre\21.0.11-win32-x86_64\bin\server\jvm.dll
0x00007ffbfb9f0000 - 0x00007ffbfbaac000 	C:\WINDOWS\System32\ADVAPI32.dll
0x00007ffbfcc00000 - 0x00007ffbfccaa000 	C:\WINDOWS\System32\sechost.dll
0x00007ffbfbff0000 - 0x00007ffbfc108000 	C:\WINDOWS\System32\RPCRT4.dll
0x00007ffbfb660000 - 0x00007ffbfb6e2000 	C:\WINDOWS\System32\WS2_32.dll
0x00007ffbfa1b0000 - 0x00007ffbfa20e000 	C:\WINDOWS\SYSTEM32\POWRPROF.dll
0x00007ffbed510000 - 0x00007ffbed546000 	C:\WINDOWS\SYSTEM32\WINMM.dll
0x00007ffbe67d0000 - 0x00007ffbe67db000 	C:\WINDOWS\SYSTEM32\VERSION.dll
0x00007ffbfa190000 - 0x00007ffbfa1a5000 	C:\WINDOWS\SYSTEM32\UMPDC.dll
0x00007ffbf9040000 - 0x00007ffbf905b000 	C:\WINDOWS\SYSTEM32\kernel.appcore.dll
0x00007ffbf2a90000 - 0x00007ffbf2a9a000 	c:\Users\pppah\.vscode\extensions\redhat.java-1.55.0-win32-x64\jre\21.0.11-win32-x86_64\bin\jimage.dll
0x00007ffbf7610000 - 0x00007ffbf7852000 	C:\WINDOWS\SYSTEM32\DBGHELP.DLL
0x00007ffbfcce0000 - 0x00007ffbfd065000 	C:\WINDOWS\System32\combase.dll
0x00007ffbfbd30000 - 0x00007ffbfbe09000 	C:\WINDOWS\System32\OLEAUT32.dll
0x00007ffbd1420000 - 0x00007ffbd145b000 	C:\WINDOWS\SYSTEM32\dbgcore.DLL
0x00007ffbfa5f0000 - 0x00007ffbfa69c000 	C:\WINDOWS\System32\bcryptPrimitives.dll
0x00007ffbe0200000 - 0x00007ffbe020f000 	c:\Users\pppah\.vscode\extensions\redhat.java-1.55.0-win32-x64\jre\21.0.11-win32-x86_64\bin\instrument.dll
0x00007ffbba910000 - 0x00007ffbba930000 	c:\Users\pppah\.vscode\extensions\redhat.java-1.55.0-win32-x64\jre\21.0.11-win32-x86_64\bin\java.dll
0x00007ffbfc470000 - 0x00007ffbfcbf8000 	C:\WINDOWS\System32\SHELL32.dll
0x00007ffbf7e20000 - 0x00007ffbf86bb000 	C:\WINDOWS\SYSTEM32\windows.storage.dll
0x00007ffbfb560000 - 0x00007ffbfb659000 	C:\WINDOWS\System32\SHCORE.dll
0x00007ffbfbc40000 - 0x00007ffbfbca6000 	C:\WINDOWS\System32\shlwapi.dll
0x00007ffbfa270000 - 0x00007ffbfa299000 	C:\WINDOWS\SYSTEM32\profapi.dll
0x00007ffbb3f00000 - 0x00007ffbb3f18000 	c:\Users\pppah\.vscode\extensions\redhat.java-1.55.0-win32-x64\jre\21.0.11-win32-x86_64\bin\zip.dll
0x00007ffbe7a10000 - 0x00007ffbe7a20000 	C:\Users\pppah\.vscode\extensions\redhat.java-1.55.0-win32-x64\jre\21.0.11-win32-x86_64\bin\net.dll
0x00007ffbf30f0000 - 0x00007ffbf3218000 	C:\WINDOWS\SYSTEM32\WINHTTP.dll
0x00007ffbf95f0000 - 0x00007ffbf965c000 	C:\WINDOWS\system32\mswsock.dll
0x00007ffbb0120000 - 0x00007ffbb0136000 	C:\Users\pppah\.vscode\extensions\redhat.java-1.55.0-win32-x64\jre\21.0.11-win32-x86_64\bin\nio.dll
0x00007ffbe01d0000 - 0x00007ffbe01e0000 	c:\Users\pppah\.vscode\extensions\redhat.java-1.55.0-win32-x64\jre\21.0.11-win32-x86_64\bin\verify.dll
0x00007ffb7d780000 - 0x00007ffb7d7c5000 	C:\Users\pppah\AppData\Roaming\Code\User\globalStorage\redhat.java\1.55.0\config_win\org.eclipse.equinox.launcher\org.eclipse.equinox.launcher.win32.win32.x86_64_1.3.100.v20260613-0559\eclipse_11924.dll
0x00007ffbfc2a0000 - 0x00007ffbfc439000 	C:\WINDOWS\System32\ole32.dll
0x00007ffbf98e0000 - 0x00007ffbf98fb000 	C:\WINDOWS\SYSTEM32\CRYPTSP.dll
0x00007ffbf8fa0000 - 0x00007ffbf8fd9000 	C:\WINDOWS\system32\rsaenh.dll
0x00007ffbf96a0000 - 0x00007ffbf96d2000 	C:\WINDOWS\SYSTEM32\USERENV.dll
0x00007ffbfa240000 - 0x00007ffbfa26a000 	C:\WINDOWS\SYSTEM32\bcrypt.dll
0x00007ffbf9900000 - 0x00007ffbf990c000 	C:\WINDOWS\SYSTEM32\CRYPTBASE.dll
0x00007ffbf8ac0000 - 0x00007ffbf8af3000 	C:\WINDOWS\SYSTEM32\IPHLPAPI.DLL
0x00007ffbfbe10000 - 0x00007ffbfbe1a000 	C:\WINDOWS\System32\NSI.dll
0x00007ffb70af0000 - 0x00007ffb70b39000 	C:\Users\pppah\AppData\Local\Temp\jna-106881687\jna12326843688147985425.dll
0x00007ffbfb320000 - 0x00007ffbfb328000 	C:\WINDOWS\System32\PSAPI.DLL
0x00007ffbf33f0000 - 0x00007ffbf340d000 	C:\WINDOWS\SYSTEM32\dhcpcsvc6.DLL
0x00007ffbf3340000 - 0x00007ffbf3365000 	C:\WINDOWS\SYSTEM32\dhcpcsvc.DLL
0x00007ffba37a0000 - 0x00007ffba37c7000 	C:\Users\pppah\.gradle\native\c067742578af261105cb4f569cf0c3c89f3d7b1fecec35dd04571415982c5e48\windows-amd64\native-platform.dll
0x00007ffbd6dc0000 - 0x00007ffbd6dca000 	C:\Users\pppah\.vscode\extensions\redhat.java-1.55.0-win32-x64\jre\21.0.11-win32-x86_64\bin\management.dll
0x00007ffbd58e0000 - 0x00007ffbd58ec000 	C:\Users\pppah\.vscode\extensions\redhat.java-1.55.0-win32-x64\jre\21.0.11-win32-x86_64\bin\management_ext.dll

JVMTI agents:
c:\Users\pppah\.vscode\extensions\redhat.java-1.55.0-win32-x64\lombok\lombok-1.18.39-4050.jar path:c:\Users\pppah\.vscode\extensions\redhat.java-1.55.0-win32-x64\jre\21.0.11-win32-x86_64\bin\instrument.dll, loaded, initialized, instrumentlib options:none

dbghelp: loaded successfully - version: 4.0.5 - missing functions: none
symbol engine: initialized successfully - sym options: 0x614 - pdb path: .;c:\Users\pppah\.vscode\extensions\redhat.java-1.55.0-win32-x64\jre\21.0.11-win32-x86_64\bin;C:\WINDOWS\SYSTEM32;C:\WINDOWS\WinSxS\amd64_microsoft.windows.common-controls_6595b64144ccf1df_6.0.26100.8972_none_3e0da176e32f9d4b;c:\Users\pppah\.vscode\extensions\redhat.java-1.55.0-win32-x64\jre\21.0.11-win32-x86_64\bin\server;C:\Users\pppah\AppData\Roaming\Code\User\globalStorage\redhat.java\1.55.0\config_win\org.eclipse.equinox.launcher\org.eclipse.equinox.launcher.win32.win32.x86_64_1.3.100.v20260613-0559;C:\Users\pppah\AppData\Local\Temp\jna-106881687;C:\Users\pppah\.gradle\native\c067742578af261105cb4f569cf0c3c89f3d7b1fecec35dd04571415982c5e48\windows-amd64

VM Arguments:
jvm_args: --add-modules=ALL-SYSTEM --add-opens=java.base/java.util=ALL-UNNAMED --add-opens=java.base/java.lang=ALL-UNNAMED --add-opens=java.base/sun.nio.fs=ALL-UNNAMED -Declipse.application=org.eclipse.jdt.ls.core.id1 -Dosgi.bundles.defaultStartLevel=4 -Declipse.product=org.eclipse.jdt.ls.core.product -Djava.import.generatesMetadataFilesAtProjectRoot=false -DDetectVMInstallationsJob.disabled=true -Dfile.encoding=utf8 -XX:+UseParallelGC -XX:GCTimeRatio=4 -XX:AdaptiveSizePolicyWeight=90 -Dsun.zip.disableMemoryMapping=true -Xmx2G -Xms100m -Xlog:disable -javaagent:c:\Users\pppah\.vscode\extensions\redhat.java-1.55.0-win32-x64\lombok\lombok-1.18.39-4050.jar -XX:+HeapDumpOnOutOfMemoryError -XX:HeapDumpPath=c:\Users\pppah\AppData\Roaming\Code\User\workspaceStorage\ea11faeb4c147d688700a17038eb3a54\redhat.java -Daether.dependencyCollector.impl=bf 
java_command: c:\Users\pppah\.vscode\extensions\redhat.java-1.55.0-win32-x64\server\plugins\org.eclipse.equinox.launcher_1.7.200.v20260619-2039.jar -configuration c:\Users\pppah\AppData\Roaming\Code\User\globalStorage\redhat.java\1.55.0\config_win -data c:\Users\pppah\AppData\Roaming\Code\User\workspaceStorage\ea11faeb4c147d688700a17038eb3a54\redhat.java\jdt_ws --pipe=\\.\pipe\lsp-0ba9faea6ca607946b8680909cc4f2ea-sock
java_class_path (initial): c:\Users\pppah\.vscode\extensions\redhat.java-1.55.0-win32-x64\server\plugins\org.eclipse.equinox.launcher_1.7.200.v20260619-2039.jar
Launcher Type: SUN_STANDARD

[Global flags]
    uintx AdaptiveSizePolicyWeight                 = 90                                        {product} {command line}
     intx CICompilerCount                          = 4                                         {product} {ergonomic}
    uintx GCTimeRatio                              = 4                                         {product} {command line}
     bool HeapDumpOnOutOfMemoryError               = true                                   {manageable} {command line}
    ccstr HeapDumpPath                             = c:\Users\pppah\AppData\Roaming\Code\User\workspaceStorage\ea11faeb4c147d688700a17038eb3a54\redhat.java         {manageable} {command line}
   size_t InitialHeapSize                          = 104857600                                 {product} {command line}
   size_t MaxHeapSize                              = 2147483648                                {product} {command line}
   size_t MaxNewSize                               = 715653120                                 {product} {ergonomic}
   size_t MinHeapDeltaBytes                        = 524288                                    {product} {ergonomic}
   size_t MinHeapSize                              = 104857600                                 {product} {command line}
   size_t NewSize                                  = 34603008                                  {product} {ergonomic}
    uintx NonNMethodCodeHeapSize                   = 5839372                                {pd product} {ergonomic}
    uintx NonProfiledCodeHeapSize                  = 122909434                              {pd product} {ergonomic}
   size_t OldSize                                  = 70254592                                  {product} {ergonomic}
    uintx ProfiledCodeHeapSize                     = 122909434                              {pd product} {ergonomic}
    uintx ReservedCodeCacheSize                    = 251658240                              {pd product} {ergonomic}
     bool SegmentedCodeCache                       = true                                      {product} {ergonomic}
   size_t SoftMaxHeapSize                          = 2147483648                             {manageable} {ergonomic}
     bool UseCompressedOops                        = true                           {product lp64_product} {ergonomic}
     bool UseLargePagesIndividualAllocation        = false                                  {pd product} {ergonomic}
     bool UseParallelGC                            = true                                      {product} {command line}

Logging:
Log output configuration:
 #0: stdout all=off uptime,level,tags foldmultilines=false
 #1: stderr all=off uptime,level,tags foldmultilines=false

Release file:
JAVA_VERSION="21.0.11" 
MODULES="java.base java.compiler java.datatransfer java.xml java.prefs java.desktop java.instrument java.logging java.management java.security.sasl java.naming java.rmi java.management.rmi java.net.http java.scripting java.security.jgss java.transaction.xa java.sql java.sql.rowset java.xml.crypto java.se java.smartcardio jdk.accessibility jdk.internal.jvmstat jdk.attach jdk.charsets jdk.internal.opt jdk.zipfs jdk.compiler jdk.crypto.ec jdk.crypto.cryptoki jdk.crypto.mscapi jdk.dynalink jdk.internal.ed jdk.editpad jdk.hotspot.agent jdk.httpserver jdk.internal.le jdk.internal.vm.ci jdk.internal.vm.compiler jdk.internal.vm.compiler.management jdk.jartool jdk.javadoc jdk.jcmd jdk.management jdk.management.agent jdk.jconsole jdk.jdeps jdk.jdwp.agent jdk.jdi jdk.jfr jdk.jshell jdk.jsobject jdk.jstatd jdk.localedata jdk.management.jfr jdk.naming.dns jdk.naming.rmi jdk.net jdk.nio.mapmode jdk.random jdk.sctp jdk.security.auth jdk.security.jgss jdk.unsupported jdk.unsupported.desktop jdk.xml.dom" 

Environment Variables:
JAVA_HOME=C:\Program Files\Java\jdk-17
PATH=C:\Android\bin;C:\Program Files\Microsoft\jdk-11.0.16.101-hotspot\bin;C:\xampp\php;C:\Program Files\dotnet\;C:\WINDOWS\system32;C:\WINDOWS;C:\WINDOWS\System32\Wbem;C:\WINDOWS\System32\WindowsPowerShell\v1.0\;C:\WINDOWS\System32\OpenSSH\;C:\Program Files\Microsoft SQL Server\Client SDK\ODBC\170\Tools\Binn\;C:\Program Files\Microsoft SQL Server\160\DTS\Binn\;C:\Users\pppah\AppData\Local\Programs\Python\Python310\Scripts;C:\Users\pppah\Downloads\ffmpeg-2025-12-18-git-78c75d546a-full_build\bin;C:\Program Files\nodejs\;C:\Program Files\Git\cmd;C:\WINDOWS\system32;C:\WINDOWS;C:\WINDOWS\System32\Wbem;C:\WINDOWS\System32\WindowsPowerShell\v1.0\;C:\WINDOWS\System32\OpenSSH\;c:\Users\pppah\AppData\Local\Programs\cursor\resources\app\codeBin;C:\Users\pppah\AppData\Local\Programs\Python\Python311\Scripts\;C:\Users\pppah\AppData\Local\Programs\Python\Python311\;C:\Program Files\MySQL\MySQL Shell 8.0\bin\;C:\Users\pppah\AppData\Local\Microsoft\WindowsApps;C:\dart;C:\src\flutter\bin;C:\Users\pppah\.dotnet\tools;C:\flutter1\flutter\bin;C:\xampp\htdocs\website2;C:\Android;C:\Program Files\Java\jdk-17;C:\Android\Android empty project\gradle\wrapper;C:\Users\pppah\AppData\Local\Android\android-sdk;C:\Users\pppah\AppData\Local\Programs\Microsoft VS Code\bin;C:\Users\pppah\AppData\Roaming\npm;C:\Users\pppah\AppData\Local\Python\bin;C:\Users\pppah\AppData\Local\Kingsoft\WPS Office\12.1.0.27458\clitool;C:\Users\pppah\AppData\Local\Programs\cursor\resources\app\bin
USERNAME=pppah
OS=Windows_NT
PROCESSOR_IDENTIFIER=Intel64 Family 6 Model 154 Stepping 4, GenuineIntel
TMP=C:\Users\pppah\AppData\Local\Temp
TEMP=C:\Users\pppah\AppData\Local\Temp




Periodic native trim disabled

---------------  S Y S T E M  ---------------

OS:
 Windows 11 , 64 bit Build 26100 (10.0.26100.9168)
OS uptime: 0 days 1:45 hours

CPU: total 12 (initial active 12) (6 cores per cpu, 2 threads per core) family 6 model 154 stepping 4 microcode 0x432, cx8, cmov, fxsr, ht, mmx, 3dnowpref, sse, sse2, sse3, ssse3, sse4.1, sse4.2, popcnt, lzcnt, tsc, tscinvbit, avx, avx2, aes, erms, clmul, bmi1, bmi2, adx, sha, fma, vzeroupper, clflush, clflushopt, clwb, serialize, rdtscp, rdpid, fsrm, f16c, pku, cet_ibt, cet_ss
Processor Information for processor 0
  Max Mhz: 1300, Current Mhz: 1300, Mhz Limit: 1300
Processor Information for processor 1
  Max Mhz: 1300, Current Mhz: 1300, Mhz Limit: 1300
Processor Information for processor 2
  Max Mhz: 1300, Current Mhz: 1300, Mhz Limit: 1300
Processor Information for processor 3
  Max Mhz: 1300, Current Mhz: 1300, Mhz Limit: 1300
Processor Information for processor 4
  Max Mhz: 1300, Current Mhz: 900, Mhz Limit: 897
Processor Information for processor 5
  Max Mhz: 1300, Current Mhz: 900, Mhz Limit: 897
Processor Information for processor 6
  Max Mhz: 1300, Current Mhz: 900, Mhz Limit: 897
Processor Information for processor 7
  Max Mhz: 1300, Current Mhz: 900, Mhz Limit: 897
Processor Information for processor 8
  Max Mhz: 1300, Current Mhz: 900, Mhz Limit: 897
Processor Information for processor 9
  Max Mhz: 1300, Current Mhz: 900, Mhz Limit: 897
Processor Information for processor 10
  Max Mhz: 1300, Current Mhz: 900, Mhz Limit: 897
Processor Information for processor 11
  Max Mhz: 1300, Current Mhz: 900, Mhz Limit: 897

Memory: 4k page, system-wide physical 7863M (194M free)
TotalPageFile size 16898M (AvailPageFile size 0M)
current process WorkingSet (physical memory assigned to process): 232M, peak: 232M
current process commit charge ("private bytes"): 341M, peak: 353M

vm_info: OpenJDK 64-Bit Server VM (21.0.11+10-LTS) for windows-amd64 JRE (21.0.11+10-LTS), built on 2026-04-21T00:00:00Z by "admin" with MS VC++ 17.12 (VS2022)

END.
